index 1,index 2,ID 1,ID 2,correlation,distance (km)
5,6,pages2k_2146,pages2k_2149,0.9676859064640569,0.0
36,46,iso2k_1069,iso2k_1660,0.9865701575318525,0.0
