,geo_meanLat,geo_meanLon,geo_meanElev,paleoData_values,year
0,76.62,-36.4,2508.0,"[-35.44 -35.6  -35.65 -36.93 -37.5  -37.18 -36.91 -37.72 -38.95 -38.14
 -36.93 -36.47 -36.96 -37.92 -36.12 -33.51 -32.12 -36.48 -37.66 -35.78
 -34.64 -36.63 -37.25 -34.38 -32.22 -33.29 -35.39 -35.35 -35.02 -34.97
 -34.89 -33.49 -33.01 -34.27 -35.12 -35.13 -34.89 -34.56 -34.06 -32.27
 -31.7  -32.86 -34.28 -34.42 -34.68 -35.95 -37.25 -36.89 -35.89 -35.84
 -36.09 -36.54 -36.88 -35.71 -34.55 -34.41 -36.02 -36.73 -37.5  -36.35
 -37.17 -38.06 -35.49 -33.85 -35.71 -35.48 -36.85 -36.5  -36.74 -37.34
 -36.18 -34.08 -35.08 -35.73 -35.01 -35.07 -36.2  -35.4  -34.16 -34.81
 -34.3  -34.49 -34.48 -35.01 -35.22 -35.41 -37.62 -36.96 -34.37 -33.77
 -33.54 -34.88 -36.74 -37.   -35.93 -35.77 -36.57 -36.1  -36.92 -37.74
 -38.24 -37.31 -35.72 -36.03 -36.86 -35.58 -33.96 -33.86 -33.09 -32.7
 -33.65 -34.25 -34.73 -36.48 -37.   -35.86 -34.33 -34.66 -34.82 -37.49
 -36.14 -34.77 -37.24 -35.92 -37.32 -36.04 -37.62 -36.48 -34.8  -35.01
 -35.8  -39.32 -35.42 -36.34 -37.57 -33.75 -32.07 -37.25 -36.48 -36.91
 -37.63 -37.85 -38.3 ]","[1850. 1851. 1852. 1853. 1854. 1855. 1856. 1857. 1858. 1859. 1860. 1861.
 1862. 1863. 1864. 1865. 1866. 1867. 1868. 1869. 1870. 1871. 1872. 1873.
 1874. 1875. 1876. 1877. 1878. 1879. 1880. 1881. 1882. 1883. 1884. 1885.
 1886. 1887. 1888. 1889. 1890. 1891. 1892. 1893. 1894. 1895. 1896. 1897.
 1898. 1899. 1900. 1901. 1902. 1903. 1904. 1905. 1906. 1907. 1908. 1909.
 1910. 1911. 1912. 1913. 1914. 1915. 1916. 1917. 1918. 1919. 1920. 1921.
 1922. 1923. 1924. 1925. 1926. 1927. 1928. 1929. 1930. 1931. 1932. 1933.
 1934. 1935. 1936. 1937. 1938. 1939. 1940. 1941. 1942. 1943. 1944. 1945.
 1946. 1947. 1948. 1949. 1950. 1951. 1952. 1953. 1954. 1955. 1956. 1957.
 1958. 1959. 1960. 1961. 1962. 1963. 1964. 1965. 1966. 1967. 1968. 1969.
 1970. 1971. 1972. 1973. 1974. 1975. 1976. 1977. 1978. 1979. 1980. 1981.
 1982. 1983. 1984. 1985. 1986. 1987. 1988. 1989. 1990. 1991. 1992.]"
1,71.12,-37.32,3172.0,"[-37.37 -35.26 -33.87 -35.51 -36.92 -36.45 -35.19 -37.86 -38.22 -36.72
 -37.63 -37.48 -36.99 -40.1  -39.14 -35.87 -36.58 -37.93 -33.78 -35.98
 -41.37 -37.33 -36.52 -34.63 -40.13 -35.01 -35.14 -38.08 -37.1  -36.44
 -36.09 -37.87 -39.85 -38.33 -37.73 -40.52 -40.12 -38.17 -35.17 -38.68
 -37.98 -37.34 -36.62 -35.2  -38.64 -35.5  -36.59 -36.89 -38.62 -35.97
 -39.48 -35.75 -36.19 -38.31 -38.74 -41.64 -39.63 -40.72 -34.82 -36.35
 -38.49 -36.29 -34.63 -39.54 -39.59 -36.93 -35.74 -35.14 -37.45 -37.38
 -40.9  -36.23 -37.39 -36.39 -36.41 -37.08 -35.39 -36.63 -38.91 -33.44
 -37.62 -36.65 -36.67 -35.57 -34.92 -35.7  -37.28 -38.65 -35.24 -36.88
 -33.28 -39.47 -33.88 -37.22 -38.29 -36.65 -33.25 -34.36 -35.53 -35.84
 -37.27 -36.37 -38.52 -36.93 -38.07 -34.26 -35.05 -35.72 -35.53 -34.42
 -37.15 -35.47 -35.13 -35.74 -34.88 -36.6  -35.36 -38.19 -37.91 -34.55
 -35.72 -34.78 -35.78 -36.65]","[1850. 1851. 1852. 1853. 1854. 1855. 1856. 1857. 1858. 1859. 1860. 1861.
 1862. 1863. 1864. 1865. 1866. 1867. 1868. 1869. 1870. 1871. 1872. 1873.
 1874. 1875. 1876. 1877. 1878. 1879. 1880. 1881. 1882. 1883. 1884. 1885.
 1886. 1887. 1888. 1889. 1890. 1891. 1892. 1893. 1894. 1895. 1896. 1897.
 1898. 1899. 1900. 1901. 1902. 1903. 1904. 1905. 1906. 1907. 1908. 1909.
 1910. 1911. 1912. 1913. 1914. 1915. 1916. 1917. 1918. 1919. 1920. 1921.
 1922. 1923. 1924. 1925. 1926. 1927. 1928. 1929. 1930. 1931. 1932. 1933.
 1934. 1935. 1936. 1937. 1938. 1939. 1940. 1941. 1942. 1943. 1944. 1945.
 1946. 1947. 1948. 1949. 1950. 1951. 1952. 1953. 1954. 1955. 1956. 1957.
 1958. 1959. 1960. 1961. 1962. 1963. 1964. 1965. 1966. 1967. 1968. 1969.
 1970. 1971. 1972. 1973.]"
2,72.1,-38.08,3200.0,"[-34.11 -32.9  -34.33 -35.15 -34.37 -34.33 -36.44 -36.88 -37.05 -35.83
 -35.38 -34.83 -35.8  -34.93 -34.34 -37.12 -35.61 -35.84 -35.58 -35.87
 -33.27 -32.17 -33.49 -35.4  -34.56 -33.94 -33.98 -34.69 -34.23 -34.22
 -34.6  -34.43 -35.13 -34.63 -35.72 -36.7  -36.09 -34.71 -35.12 -33.87
 -34.89 -35.26 -33.43 -36.03 -33.92 -34.67 -36.9  -35.86 -34.67 -36.52
 -34.99 -34.4  -35.84 -33.54 -35.49 -34.76 -34.19 -36.29 -33.33 -33.12
 -33.77 -35.39 -35.21 -36.32 -36.38 -36.96 -33.62 -34.99 -36.77 -36.79
 -35.98 -36.18 -37.57 -36.83 -36.81 -37.42 -36.22 -34.44 -34.29 -32.74
 -35.15 -34.83 -31.69 -34.51 -33.31 -33.27 -33.74 -35.9  -35.68 -34.24
 -31.87 -34.02 -32.42 -35.3  -35.55 -34.81 -35.14 -34.08 -33.93 -35.77
 -35.04 -35.57 -34.23 -34.31 -34.91 -35.06 -36.37 -36.11 -35.01 -33.97
 -33.92 -34.28 -31.92 -34.51 -33.61 -35.63 -34.53 -33.44 -35.38 -33.34
 -34.39 -35.05 -35.83 -34.99 -35.58 -34.71 -34.67 -33.01 -34.87 -38.69
 -35.64 -35.21 -36.55 -38.22 -34.49 -32.73 -35.82 -35.98]","[1850. 1851. 1852. 1853. 1854. 1855. 1856. 1857. 1858. 1859. 1860. 1861.
 1862. 1863. 1864. 1865. 1866. 1867. 1868. 1869. 1870. 1871. 1872. 1873.
 1874. 1875. 1876. 1877. 1878. 1879. 1880. 1881. 1882. 1883. 1884. 1885.
 1886. 1887. 1888. 1889. 1890. 1891. 1892. 1893. 1894. 1895. 1896. 1897.
 1898. 1899. 1900. 1901. 1902. 1903. 1904. 1905. 1906. 1907. 1908. 1909.
 1910. 1911. 1912. 1913. 1914. 1915. 1916. 1917. 1918. 1919. 1920. 1921.
 1922. 1923. 1924. 1925. 1926. 1927. 1928. 1929. 1930. 1931. 1932. 1933.
 1934. 1935. 1936. 1937. 1938. 1939. 1940. 1941. 1942. 1943. 1944. 1945.
 1946. 1947. 1948. 1949. 1950. 1951. 1952. 1953. 1954. 1955. 1956. 1957.
 1958. 1959. 1960. 1961. 1962. 1963. 1964. 1965. 1966. 1967. 1968. 1969.
 1970. 1971. 1972. 1973. 1974. 1975. 1976. 1977. 1978. 1979. 1980. 1981.
 1982. 1983. 1984. 1985. 1986. 1987.]"
3,80.0,-41.14,2185.0,"[-34.12 -33.88 -34.05 -35.17 -35.06 -34.05 -33.91 -32.47 -32.22 -33.36
 -34.38 -34.9  -36.38 -36.44 -34.5  -32.25 -32.9  -35.77 -38.33 -36.89
 -34.89 -33.58 -30.98 -31.3  -31.76 -32.17 -33.23 -32.99 -33.78 -33.63
 -32.13 -33.39 -34.37 -34.26 -34.42 -34.26 -34.36 -36.32 -35.36 -32.42
 -32.15 -33.86 -32.88 -32.81 -33.32 -32.53 -33.47 -34.67 -34.1  -34.18
 -33.83 -32.73 -34.79 -35.49 -35.48 -34.66 -33.06 -32.46 -34.19 -33.46
 -34.9  -34.03 -34.32 -31.79 -32.03 -32.89 -35.03 -36.21 -37.33 -37.55
 -36.89 -35.18 -34.49 -33.69 -33.83 -33.64 -31.63 -33.12 -34.43 -33.64
 -33.   -33.88 -33.3  -31.76 -32.12 -31.98 -32.62 -34.97 -36.8  -35.7
 -34.39 -34.15 -35.54 -36.15 -35.25 -33.89 -35.   -37.64 -35.48 -35.18
 -35.55 -34.91 -37.09 -39.05 -35.21 -34.51 -34.35 -32.55 -32.23 -32.98
 -33.43 -33.77 -34.48 -33.98 -33.77 -34.63 -32.75 -32.54 -33.19 -33.46
 -35.32 -32.67 -33.09 -32.2  -34.89 -33.78 -33.55 -35.17 -34.72 -35.56
 -33.08 -32.05 -33.15 -34.35 -34.4  -30.32 -33.29 -30.3  -33.59 -32.65
 -34.92 -32.73 -33.45 -31.29]","[1850. 1851. 1852. 1853. 1854. 1855. 1856. 1857. 1858. 1859. 1860. 1861.
 1862. 1863. 1864. 1865. 1866. 1867. 1868. 1869. 1870. 1871. 1872. 1873.
 1874. 1875. 1876. 1877. 1878. 1879. 1880. 1881. 1882. 1883. 1884. 1885.
 1886. 1887. 1888. 1889. 1890. 1891. 1892. 1893. 1894. 1895. 1896. 1897.
 1898. 1899. 1900. 1901. 1902. 1903. 1904. 1905. 1906. 1907. 1908. 1909.
 1910. 1911. 1912. 1913. 1914. 1915. 1916. 1917. 1918. 1919. 1920. 1921.
 1922. 1923. 1924. 1925. 1926. 1927. 1928. 1929. 1930. 1931. 1932. 1933.
 1934. 1935. 1936. 1937. 1938. 1939. 1940. 1941. 1942. 1943. 1944. 1945.
 1946. 1947. 1948. 1949. 1950. 1951. 1952. 1953. 1954. 1955. 1956. 1957.
 1958. 1959. 1960. 1961. 1962. 1963. 1964. 1965. 1966. 1967. 1968. 1969.
 1970. 1971. 1972. 1973. 1974. 1975. 1976. 1977. 1978. 1979. 1980. 1981.
 1982. 1983. 1984. 1985. 1986. 1987. 1988. 1989. 1990. 1991. 1992. 1993.]"
4,-74.21,-9.75,1439.0,"[-33.47 -27.23 -32.31 -30.77 -30.16 -33.05 -29.99 -31.85 -30.55 -31.16
 -32.65 -32.57 -31.41 -31.64 -31.79 -31.2  -32.68 -33.54 -33.55 -33.63
 -26.84 -28.13 -32.6  -33.99 -35.14 -29.03 -33.78 -29.73 -32.98 -33.74
 -31.95 -34.03 -33.98 -32.19 -32.13 -29.66 -29.95 -32.45 -35.17 -31.42
 -32.87 -33.15 -33.05 -32.62 -33.19 -33.2  -32.65 -32.03 -33.39 -34.46
 -35.17 -32.81 -31.7  -32.69 -34.04 -34.37 -32.01 -31.27 -33.79 -35.4
 -34.07 -34.17 -30.86 -33.05 -34.08 -34.68 -31.9  -31.17 -31.37 -32.33
 -32.71 -32.69 -32.8  -32.25 -31.69 -31.86 -33.78 -34.44 -31.65 -33.34
 -31.96 -31.27 -33.   -33.91 -34.71 -32.49 -31.28 -31.67 -33.82 -34.15
 -32.94 -32.59 -33.05 -32.15 -30.8  -31.5  -32.88 -33.49 -34.29 -33.69
 -32.45 -31.42 -33.13 -34.03 -32.55 -32.64 -34.1  -31.97 -30.79 -30.77
 -31.43 -33.27 -32.69 -32.41 -34.07 -33.88 -34.02]","[1997. 1996. 1995. 1994. 1993. 1992. 1991. 1990. 1989. 1988. 1987. 1986.
 1985. 1984. 1983. 1982. 1981. 1980. 1979. 1978. 1977. 1976. 1975. 1974.
 1973. 1972. 1971. 1970. 1969. 1968. 1967. 1966. 1965. 1964. 1963. 1962.
 1961. 1960. 1959. 1958. 1957. 1956. 1955. 1954. 1953. 1952. 1951. 1950.
 1949. 1948. 1947. 1946. 1945. 1944. 1943. 1942. 1941. 1940. 1939. 1938.
 1937. 1936. 1935. 1934. 1933. 1932. 1931. 1930. 1929. 1928. 1927. 1926.
 1925. 1924. 1923. 1922. 1921. 1920. 1919. 1918. 1917. 1916. 1915. 1914.
 1913. 1912. 1911. 1910. 1909. 1908. 1907. 1906. 1905. 1904. 1903. 1902.
 1901. 1900. 1899. 1898. 1897. 1896. 1895. 1894. 1893. 1892. 1891. 1890.
 1889. 1888. 1887. 1886. 1885. 1884. 1883. 1882. 1881.]"
5,75.0016,-42.0004,2947.0,"[-32.8 -36.7 -34.7 -34.7 -36.8 -38.  -37.8 -35.  -34.2 -32.7 -35.3 -36.
 -34.5 -33.9 -35.3 -36.7 -34.1 -33.5 -35.1 -33.7 -35.4 -35.1 -35.4 -33.7
 -34.9 -35.3 -34.  -34.2 -33.6 -36.6 -35.  -35.8 -35.7 -34.7 -37.  -36.2
 -34.4 -35.2 -38.4 -36.2 -35.2 -35.1 -36.4 -36.6 -37.5 -37.3 -35.2 -35.8
 -34.  -33.4 -35.3 -35.2 -35.4 -35.7 -36.3 -34.4 -33.6 -34.  -34.  -33.7
 -31.5 -32.7 -34.2 -36.4 -36.8 -37.3 -35.  -36.1 -35.5 -36.1 -36.6 -37.3
 -34.7 -32.7 -35.1 -35.1 -34.3 -33.9 -35.6 -37.1 -35.  -34.7 -34.9 -34.4
 -36.3 -33.8 -33.  -34.8 -34.8 -36.1 -36.9 -36.6 -35.6 -35.3 -35.3 -36.2
 -33.7 -34.1 -34.2 -33.7 -34.5 -34.8 -36.8 -35.2 -35.4 -36.5 -36.3 -35.
 -35.5 -37.  -34.3 -34.2 -34.  -34.5 -35.5 -35.1 -35.1 -33.2 -34.  -34.1
 -35.1 -37.8 -36.8 -36.6 -35.9 -36.6 -38.5 -36.7 -35.7 -35.2 -35.4 -36.3
 -34.3 -34.9 -34.9 -35.4 -36.4 -33.8 -34.3]","[1988. 1987. 1986. 1985. 1984. 1983. 1982. 1981. 1980. 1979. 1978. 1977.
 1976. 1975. 1974. 1973. 1972. 1971. 1970. 1969. 1968. 1967. 1966. 1965.
 1964. 1963. 1962. 1961. 1960. 1959. 1958. 1957. 1956. 1955. 1954. 1953.
 1952. 1951. 1950. 1949. 1948. 1947. 1946. 1945. 1944. 1943. 1942. 1941.
 1940. 1939. 1938. 1937. 1936. 1935. 1934. 1933. 1932. 1931. 1930. 1929.
 1928. 1927. 1926. 1925. 1924. 1923. 1922. 1921. 1920. 1919. 1918. 1917.
 1916. 1915. 1914. 1913. 1912. 1911. 1910. 1909. 1908. 1907. 1906. 1905.
 1904. 1903. 1902. 1901. 1900. 1899. 1898. 1897. 1896. 1895. 1894. 1893.
 1892. 1891. 1890. 1889. 1888. 1887. 1886. 1885. 1884. 1883. 1882. 1881.
 1880. 1879. 1878. 1877. 1876. 1875. 1874. 1873. 1872. 1871. 1870. 1869.
 1868. 1867. 1866. 1865. 1864. 1863. 1862. 1861. 1860. 1859. 1858. 1857.
 1856. 1855. 1854. 1853. 1852. 1851. 1850.]"
6,80.7,-73.1,1700.0,[-27.18 -27.03 -27.24 -27.25 -27.67 -28.49],[1960. 1940. 1920. 1900. 1880. 1860.]
7,-70.86,11.54,703.0,"[-25.069439 -25.205368 -24.60958  -24.0049   -23.400223 -23.2743
 -23.662888 -24.051476 -24.440062 -24.647131 -24.849926 -25.052721
 -25.1823   -25.229649 -25.276995 -25.324343 -25.293522 -25.259865
 -25.226208 -25.250679 -25.343662 -25.436646 -25.52963  -25.28012
 -25.01372  -24.74732  -24.647856 -24.754917 -24.861979 -24.969038
 -24.336338 -23.675215 -23.593546 -23.71759  -22.933384 -22.53059
 -22.495085 -22.43229  -22.346897 -22.716211 -24.042952 -25.232843
 -25.148762 -25.064678 -25.13561  -25.229094 -25.248312 -25.227188
 -25.38325  -25.781002 -26.168552 -26.514774 -26.860998 -27.052105
 -27.23907  -27.235168 -27.167303 -26.896667 -26.441837 -26.047264
 -25.793966 -25.540668 -25.287369 -28.36894  -28.137032 -27.58155
 -26.46557  -25.444855 -23.449165 -22.370924 -22.645115 -23.417198
 -23.613937 -23.579493 -23.639269 -23.699043 -24.195316 -24.698689
 -24.531498 -24.151392 -23.771284 -23.667622 -23.645142 -23.645748
 -23.705137 -23.933983 -24.403673 -24.873363 -24.713062 -24.477179
 -23.85084  -23.332697 -23.288054 -23.554426 -24.013042 -24.471659
 -24.323885 -24.04926  -24.15542  -24.27786  -24.6661   -25.356483
 -26.15967  -27.607124 -29.054577 -27.520803 -25.894829 -25.715872
 -25.919249 -26.055338 -25.254421 -24.453505 -24.82007  -25.400991
 -26.175657 -26.891008 -26.864098 -25.369797 -25.199148 -25.403782
 -25.608416 -25.81305  -26.312399 -27.066874 -27.235104 -26.347439
 -25.459774 -24.433603 -23.327133 -23.21492  -24.298445 -24.401293
 -24.387966 -25.28792  -26.09809  -26.835093 -26.324867 -25.70027
 -25.247314 -24.855612 -24.474363 -24.886938 -25.299513 -24.7935
 -24.104652]","[1994. 1993. 1992. 1991. 1990. 1989. 1988. 1987. 1986. 1985. 1984. 1983.
 1982. 1981. 1980. 1979. 1978. 1977. 1976. 1975. 1974. 1973. 1972. 1971.
 1970. 1969. 1968. 1967. 1966. 1965. 1964. 1963. 1962. 1961. 1960. 1959.
 1958. 1957. 1956. 1955. 1954. 1953. 1952. 1951. 1950. 1949. 1948. 1947.
 1946. 1945. 1944. 1943. 1942. 1941. 1940. 1939. 1938. 1937. 1936. 1935.
 1934. 1933. 1932. 1931. 1930. 1929. 1928. 1927. 1926. 1925. 1924. 1923.
 1922. 1921. 1920. 1919. 1918. 1917. 1916. 1915. 1914. 1913. 1912. 1911.
 1910. 1909. 1908. 1907. 1906. 1905. 1904. 1903. 1902. 1901. 1900. 1899.
 1898. 1897. 1896. 1895. 1894. 1893. 1892. 1891. 1890. 1889. 1888. 1887.
 1886. 1885. 1884. 1883. 1882. 1881. 1880. 1879. 1878. 1877. 1876. 1875.
 1874. 1873. 1872. 1871. 1870. 1869. 1868. 1867. 1866. 1865. 1864. 1863.
 1862. 1861. 1860. 1859. 1858. 1857. 1856. 1855. 1854. 1853. 1852. 1851.
 1850.]"
8,-75.92,-84.25,1054.0,"[-29.661 -29.436 -28.767 -28.24  -30.006 -29.999 -30.657 -30.273 -28.786
 -29.964 -28.837 -29.435 -29.383 -29.305 -30.063 -30.459 -29.477 -29.927
 -30.84  -29.436 -30.327 -30.054 -29.281 -28.721 -29.823 -31.042 -30.701
 -30.517 -31.234 -29.722 -28.887 -30.496 -30.661 -30.107 -28.702 -30.309
 -30.737 -29.811 -28.186 -28.594 -31.507 -29.894 -28.934 -27.739 -28.298
 -30.046 -30.117 -29.829 -29.492 -28.972 -29.389 -29.971 -29.58  -28.877
 -31.073 -29.866 -30.364 -29.273 -29.405 -29.904 -29.06  -30.056 -28.423
 -28.881 -31.078 -29.782 -29.949 -29.396 -30.289 -30.742 -28.801 -28.607
 -29.593 -30.637 -28.721 -28.825 -30.339 -30.841 -31.486 -28.531 -29.034
 -27.792 -28.741 -29.37  -30.606 -29.208 -29.937 -29.284 -30.866 -30.595
 -29.676 -29.644 -29.576 -29.029 -27.938 -28.68  -28.56  -28.749 -29.726
 -31.398 -27.212 -30.783 -30.774 -30.837 -30.335 -28.365 -29.769 -28.057
 -31.242 -30.511 -29.009 -28.261 -30.185 -30.512 -29.285 -29.351 -29.491
 -28.073 -29.993 -29.944 -30.7   -31.137 -28.499 -29.671 -30.592 -28.995
 -30.182 -31.403 -27.889 -29.15  -29.204 -29.945 -30.716 -29.637]","[1983. 1982. 1981. 1980. 1979. 1978. 1977. 1976. 1975. 1974. 1973. 1972.
 1971. 1970. 1969. 1968. 1967. 1966. 1965. 1964. 1963. 1962. 1961. 1960.
 1959. 1958. 1957. 1956. 1955. 1954. 1953. 1952. 1951. 1950. 1949. 1948.
 1947. 1946. 1945. 1944. 1943. 1942. 1941. 1940. 1939. 1938. 1937. 1936.
 1935. 1934. 1933. 1932. 1931. 1930. 1929. 1928. 1927. 1926. 1925. 1924.
 1923. 1922. 1921. 1920. 1919. 1918. 1917. 1916. 1915. 1914. 1913. 1912.
 1911. 1910. 1909. 1908. 1907. 1906. 1905. 1904. 1903. 1902. 1901. 1900.
 1899. 1898. 1897. 1896. 1895. 1894. 1893. 1892. 1891. 1890. 1889. 1888.
 1887. 1886. 1885. 1884. 1883. 1882. 1881. 1880. 1879. 1878. 1877. 1876.
 1875. 1874. 1873. 1872. 1871. 1870. 1869. 1868. 1867. 1866. 1865. 1864.
 1863. 1862. 1861. 1860. 1859. 1858. 1857. 1856. 1855. 1854. 1853. 1852.
 1851. 1850.]"
9,75.1,-42.32,2917.0,[-35.82 -35.11 -34.65 -34.53 -35.29 -35.02],[1960. 1940. 1920. 1900. 1880. 1860.]
10,-73.1,165.4,2960.0,"[-33.18     -35.3025   -36.443333 -31.392    -34.795    -32.568573
 -38.94     -35.125    -34.3275   -37.155    -32.70125  -33.495
 -32.334286 -35.9125   -34.502857 -34.327778 -37.147144 -32.94
 -32.432    -33.218334 -34.7325   -34.193638 -34.386    -33.788
 -33.895    -30.962    -31.6125   -34.2175   -35.091667 -33.385
 -34.402    -36.214    -34.0075   -33.3075   -34.211666 -32.196667
 -33.684284 -33.928333 -34.72     -35.648335 -34.221428 -34.77
 -34.485    -34.2925   -32.455    -34.578    -34.356    -32.763332
 -36.55     -36.306667 -35.098    -34.57     -33.185    -35.2275
 -34.3575   -35.306    -36.835    -34.26     -31.346666 -31.53
 -34.316    -36.59857  -34.205    -33.23     -35.5525   -38.1
 -36.6128   -35.91     -33.945713 -32.888332 -33.621    -34.97
 -35.533333 -35.82     -33.25     -35.443333 -36.366    -37.012
 -34.8      -35.658    -33.727142 -34.4775   -35.38     -33.673332
 -36.188572 -34.5725   -37.881668 -35.67857  -36.092    -34.76
 -35.773335 -35.856667 -33.104    -33.35     -35.24     -34.65333
 -35.514    -35.815    -35.46     -35.616665 -34.9875   -35.3875
 -35.8225   -35.9      -38.335    -36.354286 -37.361668 -35.048
 -35.623333 -37.8      -36.78     -36.532223 -35.121666 -35.837776
 -35.57125  -35.312    -34.763332 -33.857376 -36.3245   -37.39625
 -35.5052   -37.995716 -39.428    -36.559334 -33.5876   -34.5028
 -34.622665 -35.821144 -36.472668 -35.5006   -34.77     -36.098
 -35.097    -38.21175  -37.65     -34.27     -35.605    -36.82425
 -36.206333 -35.12575  -33.96475  -35.5352   -35.32343 ]","[1992. 1991. 1990. 1989. 1988. 1987. 1986. 1985. 1984. 1983. 1982. 1981.
 1980. 1979. 1978. 1977. 1976. 1975. 1974. 1973. 1972. 1971. 1970. 1969.
 1968. 1967. 1966. 1965. 1964. 1963. 1962. 1961. 1960. 1959. 1958. 1957.
 1956. 1955. 1954. 1953. 1952. 1951. 1950. 1949. 1948. 1947. 1946. 1945.
 1944. 1943. 1942. 1941. 1940. 1939. 1938. 1937. 1936. 1935. 1934. 1933.
 1932. 1931. 1930. 1929. 1928. 1927. 1926. 1925. 1924. 1923. 1922. 1921.
 1920. 1919. 1918. 1917. 1916. 1915. 1914. 1913. 1912. 1911. 1910. 1909.
 1908. 1907. 1906. 1905. 1904. 1903. 1902. 1901. 1900. 1899. 1898. 1897.
 1896. 1895. 1894. 1893. 1892. 1891. 1890. 1889. 1888. 1887. 1886. 1885.
 1884. 1883. 1882. 1881. 1880. 1879. 1878. 1877. 1876. 1875. 1874. 1873.
 1872. 1871. 1870. 1869. 1868. 1867. 1866. 1865. 1864. 1863. 1862. 1861.
 1860. 1859. 1858. 1857. 1856. 1855. 1854. 1853. 1852. 1851. 1850.]"
11,-74.65,12.8,3406.0,"[-48.248 -48.808 -50.867 -49.13  -47.543 -48.936 -48.929 -47.73  -47.998
 -44.633 -47.075 -49.769 -49.922 -51.304 -47.869 -47.302 -48.822 -49.269
 -47.027 -48.854 -47.73  -47.606 -45.904 -48.443 -45.528 -47.403 -50.616
 -49.404 -45.044 -42.399 -45.865 -48.815 -48.021 -48.888 -47.823]","[1996. 1995. 1994. 1993. 1992. 1991. 1990. 1989. 1988. 1987. 1986. 1985.
 1984. 1983. 1982. 1981. 1980. 1979. 1978. 1977. 1976. 1975. 1974. 1973.
 1972. 1971. 1970. 1969. 1968. 1967. 1966. 1965. 1964. 1963. 1962.]"
12,35.2833,81.4833,6200.0,"[-12.35 -13.75 -12.63 -13.74 -12.78 -13.46 -13.29 -14.22 -14.18 -14.1
 -12.28 -15.86 -14.77 -15.29 -14.75]","[1990. 1980. 1970. 1960. 1950. 1940. 1930. 1920. 1910. 1900. 1890. 1880.
 1870. 1860. 1850.]"
13,79.3414,-45.9116,2242.0,"[-30.5 -32.7 -33.2 -35.  -33.7 -35.2 -32.4 -33.9 -36.4 -34.3 -32.5 -34.6
 -34.5 -33.6 -31.4 -35.9 -36.2 -34.3 -36.7 -32.1 -34.2 -34.2 -33.4 -33.6
 -34.  -36.7 -35.5 -32.7 -31.3 -33.3 -33.9 -34.  -35.2 -36.1 -35.1 -33.7
 -35.3 -33.6 -34.6 -33.7 -29.8 -34.7 -34.9 -34.8 -35.5 -36.1 -36.1 -32.2
 -31.1 -32.6 -35.  -36.9 -36.7 -37.  -35.  -33.7 -35.4 -33.  -31.1 -32.2
 -33.2 -34.5 -33.1 -33.4 -34.5 -34.2 -33.3 -35.3 -34.7 -34.3 -34.  -36.
 -39.1 -38.3 -35.4 -35.4 -36.1 -34.3 -32.4 -35.3 -36.2 -34.6 -32.  -32.3
 -33.2 -33.8 -35.1 -32.7 -33.3 -35.1 -32.8 -34.2 -34.8 -32.7 -32.  -34.
 -34.5 -33.3 -33.3 -32.1 -32.7 -32.8 -33.1 -34.3 -33.9 -32.3 -34.  -36.3
 -35.7 -36.1 -35.5 -35.7 -36.3 -35.1 -32.8 -33.4 -33.2 -34.4 -32.6 -32.6
 -34.6 -35.9 -35.9 -34.6 -34.  -33.7 -32.9 -33.8 -34.9 -35.7 -34.8 -34.8
 -37.1 -37.5 -35.7 -33.3 -34.2 -32.6 -33.7 -34.7 -34.3 -35.1 -36.  -35.7]","[1993. 1992. 1991. 1990. 1989. 1988. 1987. 1986. 1985. 1984. 1983. 1982.
 1981. 1980. 1979. 1978. 1977. 1976. 1975. 1974. 1973. 1972. 1971. 1970.
 1969. 1968. 1967. 1966. 1965. 1964. 1963. 1962. 1961. 1960. 1959. 1958.
 1957. 1956. 1955. 1954. 1953. 1952. 1951. 1950. 1949. 1948. 1947. 1946.
 1945. 1944. 1943. 1942. 1941. 1940. 1939. 1938. 1937. 1936. 1935. 1934.
 1933. 1932. 1931. 1930. 1929. 1928. 1927. 1926. 1925. 1924. 1923. 1922.
 1921. 1920. 1919. 1918. 1917. 1916. 1915. 1914. 1913. 1912. 1911. 1910.
 1909. 1908. 1907. 1906. 1905. 1904. 1903. 1902. 1901. 1900. 1899. 1898.
 1897. 1896. 1895. 1894. 1893. 1892. 1891. 1890. 1889. 1888. 1887. 1886.
 1885. 1884. 1883. 1882. 1881. 1880. 1879. 1878. 1877. 1876. 1875. 1874.
 1873. 1872. 1871. 1870. 1869. 1868. 1867. 1866. 1865. 1864. 1863. 1862.
 1861. 1860. 1859. 1858. 1857. 1856. 1855. 1854. 1853. 1852. 1851. 1850.]"
14,29.04,90.2,5950.0,"[-16.437609  -16.297628  -16.641363  -17.344297  -17.341217  -16.762058
 -17.938585  -15.89389   -17.37749   -18.13396   -14.405788  -17.089073
 -18.815495  -17.79398   -15.957834  -19.285606  -17.565262  -17.65094
 -15.395627  -18.88013   -18.201311  -17.722229  -20.092701  -17.668747
 -17.07515   -17.003296  -17.97924   -19.44133   -21.996054  -19.849487
 -20.024235  -20.09443   -19.289225  -18.923267  -17.456316  -16.891907
 -16.757029  -16.475368  -18.19982   -15.49308   -14.736534  -15.943036
 -16.036953  -15.2816305 -13.193204  -15.80659   -13.352257  -16.10975
 -14.113921  -16.34252   -18.72015   -16.007967  -16.86833   -17.229755
 -18.990747  -17.820915  -14.681853  -17.038832  -17.377964  -17.775888
 -17.838608  -17.99122   -18.901001  -20.02788   -18.644669  -18.125696
 -15.937374  -15.477498  -18.384176  -18.702206  -19.340445  -18.260712
 -16.039597  -17.293928  -19.091059  -16.483864  -17.494448  -17.371994
 -15.598702  -17.65038   -16.859798  -19.98035   -20.510992  -19.020573
 -16.771914  -16.877953  -16.618586  -15.892253  -15.722145  -14.163316
 -15.2698555 -13.642891  -16.236076  -14.09876   -14.781336  -14.390307
 -16.627735  -19.445087  -18.000626  -16.546738  -15.239441  -16.094757
 -16.189445  -16.239586  -15.38004   -15.843788  -16.271347  -16.103302
 -18.056683  -14.837507  -15.009168  -17.944849  -15.485771  -14.39823
 -14.859713  -15.583364  -15.66497   -16.659044  -16.762297  -16.955023
 -15.654119  -15.989029  -15.79276   -16.170042  -15.976878  -15.283113
 -15.43627   -14.333228  -15.728413  -15.270387  -15.551973  -15.40283
 -15.7180805 -14.788466  -15.485998  -14.869155  -16.798523  -15.842098
 -16.89901   -17.61183   -15.362517  -14.966996  -15.744405 ]","[2006. 2005. 2004. 2003. 2002. 2001. 2000. 1999. 1998. 1997. 1996. 1995.
 1994. 1993. 1992. 1991. 1990. 1989. 1988. 1987. 1986. 1985. 1984. 1983.
 1982. 1981. 1980. 1979. 1978. 1977. 1976. 1975. 1974. 1973. 1972. 1971.
 1970. 1969. 1968. 1967. 1966. 1965. 1964. 1963. 1962. 1961. 1960. 1959.
 1958. 1957. 1956. 1955. 1954. 1953. 1952. 1951. 1950. 1949. 1948. 1947.
 1946. 1945. 1944. 1943. 1942. 1941. 1940. 1939. 1938. 1937. 1936. 1935.
 1934. 1933. 1932. 1931. 1930. 1929. 1928. 1927. 1926. 1925. 1924. 1923.
 1922. 1921. 1920. 1919. 1918. 1917. 1916. 1915. 1914. 1913. 1912. 1911.
 1910. 1909. 1908. 1907. 1906. 1905. 1904. 1903. 1902. 1901. 1900. 1899.
 1898. 1897. 1896. 1895. 1894. 1893. 1892. 1891. 1890. 1889. 1888. 1887.
 1886. 1885. 1884. 1883. 1882. 1881. 1880. 1879. 1878. 1877. 1876. 1875.
 1874. 1873. 1872. 1871. 1870. 1869. 1868. 1867. 1866. 1865. 1864.]"
15,66.38,-46.18,2200.0,"[-25.69 -25.96 -26.97 -25.05 -25.38 -26.08 -24.78 -25.29 -26.41 -24.01
 -25.84 -25.88 -26.92 -25.53 -24.41 -24.12 -26.31 -26.81 -26.27 -25.28
 -24.4  -24.93 -25.04 -26.43 -25.66 -27.17 -26.51 -25.89 -25.14 -25.58
 -27.18 -25.34 -26.03 -24.78 -25.43 -27.57 -26.56 -26.53 -25.2  -26.25
 -26.5  -26.72 -23.23 -25.66 -27.   -25.02 -26.23 -25.74 -27.09 -26.51
 -25.49 -26.23 -27.6  -27.29 -26.8  -26.72 -27.84 -25.5  -24.14 -27.02
 -27.6  -26.71 -26.87 -26.41 -26.35 -25.51 -27.33 -26.06 -26.14 -25.33
 -26.46 -24.49 -25.51 -25.87 -26.99 -27.78 -25.08 -26.05 -27.04 -23.67
 -24.86 -23.66 -24.97 -25.35 -25.89 -26.51 -26.23 -25.59 -25.36 -26.27
 -25.19 -26.61 -25.79 -26.28 -26.01 -26.29 -25.29 -25.34 -26.94 -26.4
 -27.77 -26.17 -27.37 -27.42 -25.74 -28.61 -28.37 -27.12 -25.68 -27.82
 -28.83 -27.79 -28.51 -26.73 -26.51 -25.4  -26.89 -26.47 -24.69 -25.97
 -26.06 -27.1  -25.27 -26.54 -25.2 ]","[1974. 1973. 1972. 1971. 1970. 1969. 1968. 1967. 1966. 1965. 1964. 1963.
 1962. 1961. 1960. 1959. 1958. 1957. 1956. 1955. 1954. 1953. 1952. 1951.
 1950. 1949. 1948. 1947. 1946. 1945. 1944. 1943. 1942. 1941. 1940. 1939.
 1938. 1937. 1936. 1935. 1934. 1933. 1932. 1931. 1930. 1929. 1928. 1927.
 1926. 1925. 1924. 1923. 1922. 1921. 1920. 1919. 1918. 1917. 1916. 1915.
 1914. 1913. 1912. 1911. 1910. 1909. 1908. 1907. 1906. 1905. 1904. 1903.
 1902. 1901. 1900. 1899. 1898. 1897. 1896. 1895. 1894. 1893. 1892. 1891.
 1890. 1889. 1888. 1887. 1886. 1885. 1884. 1883. 1882. 1881. 1880. 1879.
 1878. 1877. 1876. 1875. 1874. 1873. 1872. 1871. 1870. 1869. 1868. 1867.
 1866. 1865. 1864. 1863. 1862. 1861. 1860. 1859. 1858. 1857. 1856. 1855.
 1854. 1853. 1852. 1851. 1850.]"
16,70.64,-39.62,3018.0,"[-33.99 -32.   -35.83 -33.99 -34.1  -33.07 -34.68 -33.39 -36.15 -34.86
 -35.19 -36.16 -35.96 -37.51 -36.34 -38.67 -36.68 -31.82 -33.27 -35.61
 -39.44 -38.15 -35.76 -33.04 -33.87 -35.35 -35.71 -35.99 -34.95 -36.5
 -32.73 -35.26 -34.25 -34.6  -34.43 -37.54 -33.41 -33.65 -34.47 -34.45
 -36.36 -36.03 -37.77 -36.48 -35.03 -38.12 -36.72 -33.53 -37.48 -35.22
 -38.32 -35.91 -38.17 -33.02 -34.78 -37.3  -38.73 -35.26 -36.82 -35.56
 -36.62 -33.78 -34.94 -37.96 -38.58 -35.54 -33.8  -36.06 -32.2  -31.99
 -36.97 -36.61 -36.78 -34.28 -34.87 -33.45 -34.9  -34.91 -36.4  -36.12
 -37.52 -35.9  -33.9  -37.04 -38.31 -36.81 -35.51 -39.26 -36.29 -34.17
 -33.99 -32.81 -35.72 -35.82 -34.86 -36.35 -37.99 -33.77 -32.66 -34.76
 -36.99 -37.3  -36.2  -36.27 -38.98 -34.04 -41.73 -38.29 -35.35 -35.93
 -38.22 -36.57 -34.74 -33.69 -33.97 -36.15 -33.76 -33.09 -32.13 -33.58
 -36.57]","[1970. 1969. 1968. 1967. 1966. 1965. 1964. 1963. 1962. 1961. 1960. 1959.
 1958. 1957. 1956. 1955. 1954. 1953. 1952. 1951. 1950. 1949. 1948. 1947.
 1946. 1945. 1944. 1943. 1942. 1941. 1940. 1939. 1938. 1937. 1936. 1935.
 1934. 1933. 1932. 1931. 1930. 1929. 1928. 1927. 1926. 1925. 1924. 1923.
 1922. 1921. 1920. 1919. 1918. 1917. 1916. 1915. 1914. 1913. 1912. 1911.
 1910. 1909. 1908. 1907. 1906. 1905. 1904. 1903. 1902. 1901. 1900. 1899.
 1898. 1897. 1896. 1895. 1894. 1893. 1892. 1891. 1890. 1889. 1888. 1887.
 1886. 1885. 1884. 1883. 1882. 1881. 1880. 1879. 1878. 1877. 1876. 1875.
 1874. 1873. 1872. 1871. 1870. 1869. 1868. 1867. 1866. 1865. 1864. 1863.
 1862. 1861. 1860. 1859. 1858. 1857. 1856. 1855. 1854. 1853. 1852. 1851.
 1850.]"
17,70.64,-39.62,3018.0,"[-30.71 -31.89 -28.53 -28.53 -30.92 -30.22 -29.42 -29.42 -30.89 -28.08
 -31.14 -28.19 -29.71 -31.02 -31.04 -31.7  -30.48 -30.78 -27.03 -31.61
 -26.91 -32.41 -31.91 -31.72 -29.19 -28.42 -32.67 -32.76 -31.02 -30.76
 -29.64 -27.73 -30.94 -31.21 -29.83 -29.1  -29.07 -28.76 -27.91 -26.64
 -27.05 -30.09 -27.32 -30.51 -30.61 -30.26 -33.23 -31.88 -31.41 -32.13
 -29.96 -28.4  -31.59 -31.26 -25.79 -29.99 -31.36 -33.16 -28.52 -31.76
 -31.22 -29.19 -26.94 -30.81 -29.39 -29.65 -30.1  -30.28 -27.38 -30.99
 -31.49 -31.17 -28.03 -29.22 -30.76 -30.72 -28.44 -30.38 -31.26 -30.06
 -30.85 -29.06 -29.67 -31.15 -30.24 -29.78 -30.11 -30.88 -32.28 -31.12
 -29.78 -30.19 -31.46 -26.85 -28.15 -31.39 -32.35 -30.39 -29.23 -28.13
 -28.77 -29.83 -32.28 -31.85 -33.54 -32.03 -31.13 -26.23 -32.01 -30.02
 -30.61 -30.54 -32.54 -28.15 -31.32 -31.61 -29.87 -29.09 -29.71 -30.89
 -29.85]","[1970. 1969. 1968. 1967. 1966. 1965. 1964. 1963. 1962. 1961. 1960. 1959.
 1958. 1957. 1956. 1955. 1954. 1953. 1952. 1951. 1950. 1949. 1948. 1947.
 1946. 1945. 1944. 1943. 1942. 1941. 1940. 1939. 1938. 1937. 1936. 1935.
 1934. 1933. 1932. 1931. 1930. 1929. 1928. 1927. 1926. 1925. 1924. 1923.
 1922. 1921. 1920. 1919. 1918. 1917. 1916. 1915. 1914. 1913. 1912. 1911.
 1910. 1909. 1908. 1907. 1906. 1905. 1904. 1903. 1902. 1901. 1900. 1899.
 1898. 1897. 1896. 1895. 1894. 1893. 1892. 1891. 1890. 1889. 1888. 1887.
 1886. 1885. 1884. 1883. 1882. 1881. 1880. 1879. 1878. 1877. 1876. 1875.
 1874. 1873. 1872. 1871. 1870. 1869. 1868. 1867. 1866. 1865. 1864. 1863.
 1862. 1861. 1860. 1859. 1858. 1857. 1856. 1855. 1854. 1853. 1852. 1851.
 1850.]"
18,78.8333,-36.5,2147.0,"[-35.5 -38.6 -31.5 -32.8 -35.2 -32.9 -31.7 -36.5 -37.2 -36.7 -38.7 -36.
 -35.8 -36.9 -33.2 -31.3 -34.8 -33.4 -33.6 -35.1 -35.  -37.3 -39.1 -38.1
 -37.  -34.3 -36.2 -34.7 -33.4 -33.8 -32.9 -33.6 -35.  -35.9 -36.5 -37.5
 -36.6 -33.9 -33.2 -34.4 -35.8 -35.8 -35.4 -35.5 -36.6 -36.2 -35.3 -35.7
 -34.2 -33.9 -34.9 -35.5 -35.4 -34.1 -33.4 -32.  -33.1 -35.2 -37.3 -37.6
 -34.5 -33.7 -34.  -32.5 -30.7 -31.2 -32.1 -32.6 -32.9 -34.2 -35.2 -35.
 -34.6 -35.2 -37.1 -38.6 -38.3 -35.3 -34.5 -35.5 -34.7 -33.5 -34.5 -36.3
 -36.  -35.7 -36.5 -38.7 -39.2 -37.2 -35.9 -35.2 -36.  -35.  -33.  -34.3
 -37.3 -37.4 -36.4 -36.6 -37.1 -36.2 -34.3 -33.9 -35.4 -35.7 -35.1 -35.2
 -35.4 -34.5 -34.4 -34.1 -34.5 -35.4 -37.6 -36.5 -33.9 -33.  -33.2 -33.
 -35.8 -38.  -38.2 -37.5 -37.  -38.5 -38.5 -36.8 -36.9 -36.8 -36.7 -35.8
 -35.8 -34.2 -34.9 -35.4 -35.3 -36.2 -36.8 -35.9 -35.3 -34.7 -34.  -34.2]","[1993. 1992. 1991. 1990. 1989. 1988. 1987. 1986. 1985. 1984. 1983. 1982.
 1981. 1980. 1979. 1978. 1977. 1976. 1975. 1974. 1973. 1972. 1971. 1970.
 1969. 1968. 1967. 1966. 1965. 1964. 1963. 1962. 1961. 1960. 1959. 1958.
 1957. 1956. 1955. 1954. 1953. 1952. 1951. 1950. 1949. 1948. 1947. 1946.
 1945. 1944. 1943. 1942. 1941. 1940. 1939. 1938. 1937. 1936. 1935. 1934.
 1933. 1932. 1931. 1930. 1929. 1928. 1927. 1926. 1925. 1924. 1923. 1922.
 1921. 1920. 1919. 1918. 1917. 1916. 1915. 1914. 1913. 1912. 1911. 1910.
 1909. 1908. 1907. 1906. 1905. 1904. 1903. 1902. 1901. 1900. 1899. 1898.
 1897. 1896. 1895. 1894. 1893. 1892. 1891. 1890. 1889. 1888. 1887. 1886.
 1885. 1884. 1883. 1882. 1881. 1880. 1879. 1878. 1877. 1876. 1875. 1874.
 1873. 1872. 1871. 1870. 1869. 1868. 1867. 1866. 1865. 1864. 1863. 1862.
 1861. 1860. 1859. 1858. 1857. 1856. 1855. 1854. 1853. 1852. 1851. 1850.]"
19,-79.46,-112.09,1806.0,"[-33.32873  -35.673244 -33.157433 -34.285397 -34.40308  -32.894173
 -35.095108 -31.764368 -32.97733  -32.706837 -33.832703 -32.514473
 -32.612217 -32.527317 -32.86738  -33.990086 -34.24384  -32.91622
 -33.00252  -37.146286 -35.284554 -34.686405 -33.28204  -33.069168
 -34.77311  -32.653336 -36.074196 -36.175053 -35.87187  -33.348698
 -35.83     -35.34615  -35.213314 -34.912823 -33.075012 -33.14026
 -35.774208 -35.15153  -34.83352  -32.051964 -33.49183  -33.81644
 -35.288788 -35.72318  -33.520176 -34.443947 -34.536106 -36.67849
 -32.88762  -34.457825 -34.07165  -33.619648 -34.49851  -33.258846
 -34.0386   -34.510098 -33.246677 -34.936867 -35.196384 -33.07855
 -33.969368 -33.502846 -33.928425 -35.20909  -33.706875 -31.091482
 -33.76971  -33.628284 -34.37581  -34.68068  -34.32501  -34.670586
 -33.811413 -33.88589  -33.943054 -34.150677 -34.92766  -33.32646
 -34.408752 -32.511265 -33.956966 -35.728825 -34.072    -34.513763
 -34.486897 -33.23029  -33.94623  -33.93538  -33.548363 -34.192383
 -32.985493 -34.717995 -32.53296  -31.68187  -33.0753   -33.214237
 -34.592003 -33.296844 -34.592678 -34.757084 -33.4732   -32.44708
 -33.233772 -33.58822  -33.121696 -33.430782 -34.039936 -33.627834
 -34.720974 -33.621155 -34.59873  -35.55396  -34.84966  -35.11158
 -33.835094 -34.51202  -33.228497 -31.27934  -32.91044  -34.03701
 -34.1499   -34.23261  -33.388893 -33.583584 -34.59905  -34.818905
 -32.138447 -31.159424 -31.5379   -34.76712  -35.43196  -34.224873
 -34.634155 -34.000423 -34.52987  -35.856358 -33.981293 -34.234055
 -34.71225  -34.25555  -35.048347 -35.556293 -33.610893 -33.621845
 -33.5544   -33.164417 -34.44507  -35.438156 -33.20407  -34.40011
 -33.59823  -33.05173  -34.156025 -34.40482  -34.362377 -34.844166]","[2005. 2004. 2003. 2002. 2001. 2000. 1999. 1998. 1997. 1996. 1995. 1994.
 1993. 1992. 1991. 1990. 1989. 1988. 1987. 1986. 1985. 1984. 1983. 1982.
 1981. 1980. 1979. 1978. 1977. 1976. 1975. 1974. 1973. 1972. 1971. 1970.
 1969. 1968. 1967. 1966. 1965. 1964. 1963. 1962. 1961. 1960. 1959. 1958.
 1957. 1956. 1955. 1954. 1953. 1952. 1951. 1950. 1949. 1948. 1947. 1946.
 1945. 1944. 1943. 1942. 1941. 1940. 1939. 1938. 1937. 1936. 1935. 1934.
 1933. 1932. 1931. 1930. 1929. 1928. 1927. 1926. 1925. 1924. 1923. 1922.
 1921. 1920. 1919. 1918. 1917. 1916. 1915. 1914. 1913. 1912. 1911. 1910.
 1909. 1908. 1907. 1906. 1905. 1904. 1903. 1902. 1901. 1900. 1899. 1898.
 1897. 1896. 1895. 1894. 1893. 1892. 1891. 1890. 1889. 1888. 1887. 1886.
 1885. 1884. 1883. 1882. 1881. 1880. 1879. 1878. 1877. 1876. 1875. 1874.
 1873. 1872. 1871. 1870. 1869. 1868. 1867. 1866. 1865. 1864. 1863. 1862.
 1861. 1860. 1859. 1858. 1857. 1856. 1855. 1854. 1853. 1852. 1851. 1850.]"
20,45.8411,6.8478,4250.0,"[-17.23 -11.98 -13.31 -14.64 -12.28 -10.52 -13.53 -13.78 -13.66 -13.32
 -10.33 -15.45 -11.75 -11.45 -15.52 -13.32 -10.89 -12.95 -13.28 -12.99
 -13.63 -12.26 -13.39 -14.69 -16.87 -14.39 -14.87 -11.94 -10.88 -13.09
 -12.03 -16.55 -13.33 -17.48 -13.82 -11.58 -12.67 -14.   -14.3  -13.47
 -15.81 -16.51 -17.85 -14.64  -8.89 -11.73 -14.52 -13.26 -15.25 -13.78
 -14.83 -14.43 -14.66 -11.71 -14.04]","[1994. 1993. 1992. 1991. 1990. 1989. 1988. 1987. 1986. 1985. 1984. 1983.
 1982. 1981. 1980. 1979. 1978. 1977. 1976. 1975. 1974. 1973. 1972. 1971.
 1970. 1969. 1968. 1967. 1966. 1965. 1964. 1963. 1962. 1961. 1960. 1959.
 1958. 1957. 1956. 1955. 1954. 1953. 1952. 1951. 1950. 1949. 1948. 1947.
 1946. 1945. 1944. 1943. 1942. 1941. 1940.]"
21,81.0,64.0,509.0,"[-14.3847 -15.7841 -17.0533 -17.0825 -16.39   -16.9133 -18.7938 -18.8645
 -18.6275 -16.382  -14.0578 -17.163  -18.3    -18.3994 -17.2313 -17.1531
 -16.9722 -16.8421 -16.8593 -17.3762 -18.0308 -18.     -15.9955 -17.1777
 -17.0809 -18.4617 -17.465  -17.6983 -17.7856 -18.7383 -18.0233 -17.9283
 -16.9909 -16.5617 -17.0456 -17.0533 -17.518  -15.9979 -17.1509 -16.8
 -15.55   -15.9957 -16.0275 -17.0133 -14.6058 -16.978  -16.435  -17.4035
 -17.0389 -16.5285 -16.0075 -16.073  -16.7573 -16.8487 -18.1322 -17.4893
 -16.772  -16.7214 -16.5044 -15.43   -15.9911 -16.7444 -15.1006 -16.81
 -16.77   -15.1813 -15.4991 -16.9992 -17.8043 -15.9417 -16.988  -17.9337
 -16.4318 -17.4482 -15.7456 -15.24   -16.1942 -16.2022 -18.3981 -18.3712
 -17.8714 -17.1467 -16.0069 -16.8917 -15.76   -17.1375 -16.9583 -17.986
 -18.7747 -18.6816 -19.1989 -19.9144 -19.768  -21.8333 -20.9    -18.6639
 -18.8228 -18.523  -17.6171 -17.6822 -18.045  -19.8977 -19.9371 -18.7478
 -17.3554 -18.81   -18.74   -17.4274 -18.608  -18.8919 -18.8229 -19.6494
 -20.408  -19.0229 -18.8258 -19.9487 -19.3019 -20.2917 -19.6941 -19.3783
 -18.2275 -18.0675 -17.     -17.1625 -17.936  -18.7281 -20.1286 -17.7258
 -18.5919 -19.37   -19.208  -20.164  -17.4661 -19.6911 -17.8686 -18.4443
 -20.1244 -19.6927 -19.2678 -18.33   -17.9675 -18.7621 -19.31   -17.7836
 -17.6279 -18.9838]","[1995. 1994. 1993. 1992. 1991. 1990. 1989. 1988. 1987. 1986. 1985. 1984.
 1983. 1982. 1981. 1980. 1979. 1978. 1977. 1976. 1975. 1974. 1973. 1972.
 1971. 1970. 1969. 1968. 1967. 1966. 1965. 1964. 1963. 1962. 1961. 1960.
 1959. 1958. 1957. 1956. 1955. 1954. 1953. 1952. 1951. 1950. 1949. 1948.
 1947. 1946. 1945. 1944. 1943. 1942. 1941. 1940. 1939. 1938. 1937. 1936.
 1935. 1934. 1933. 1932. 1931. 1930. 1929. 1928. 1927. 1926. 1925. 1924.
 1923. 1922. 1921. 1920. 1919. 1918. 1917. 1916. 1915. 1914. 1913. 1912.
 1911. 1910. 1909. 1908. 1907. 1906. 1905. 1904. 1903. 1902. 1901. 1900.
 1899. 1898. 1897. 1896. 1895. 1894. 1893. 1892. 1891. 1890. 1889. 1888.
 1887. 1886. 1885. 1884. 1883. 1882. 1881. 1880. 1879. 1878. 1877. 1876.
 1875. 1874. 1873. 1872. 1871. 1870. 1869. 1868. 1867. 1866. 1865. 1864.
 1863. 1862. 1861. 1860. 1859. 1858. 1857. 1856. 1855. 1854. 1853. 1852.
 1851. 1850.]"
22,60.59,-140.5,5340.0,"[-32.8342 -33.716  -30.9713 -31.1054 -28.4148 -32.8788 -33.8619 -32.5288
 -33.3595 -34.7244 -31.337  -32.1161 -32.9249 -32.5879 -32.1997 -32.0091
 -32.3125 -33.7049 -33.2918 -35.1477 -34.523  -34.2469 -33.9949 -33.7286
 -34.1013 -34.3413 -35.2978 -34.5751 -34.1854 -34.1925 -35.7477 -34.3207
 -32.5969 -32.8062 -34.5591 -32.6614 -34.5612 -34.7507 -34.3838 -34.0494
 -34.2099 -35.0968 -33.6744 -31.3745 -34.1307 -33.3386 -31.7554 -34.0007
 -33.8486 -33.5572 -34.0673 -33.7695 -34.1331 -33.8371 -34.1975 -33.9646
 -32.8199 -31.5689 -31.1927 -29.8058 -35.9209 -34.5857 -32.5645 -34.2173
 -33.907  -33.3795 -33.5598 -34.0106 -34.9281 -35.9349 -34.1427 -33.4878
 -35.0968 -34.4394 -34.5944 -33.6387 -33.6233 -32.9763 -34.9064 -35.1384
 -34.1876 -32.1549 -30.4087 -35.3561 -34.8859 -32.4197 -34.9042 -35.2912
 -34.9996 -33.1318 -32.3066 -31.751  -31.633  -31.5402 -33.6635 -34.4186
 -34.6004 -34.6116 -33.7853 -32.5352 -33.5526 -34.5355 -33.92   -31.4241
 -33.6191 -33.8192 -33.5812 -35.6864 -34.181  -32.9736 -34.4685 -33.0412
 -31.1619 -32.2038 -33.5698 -34.2123 -33.7797 -34.1687 -34.3684 -34.5466
 -34.4465 -35.3998 -36.737  -35.9112 -33.5108 -31.2955 -31.8345 -32.185
 -32.2212 -33.1921 -34.1557 -34.5547 -33.461  -34.0438 -35.0604 -35.1008
 -35.0179 -34.0123 -35.0214 -33.6644 -33.0783 -31.5346 -32.6393 -33.3536
 -35.6114 -31.3288]","[1995. 1994. 1993. 1992. 1991. 1990. 1989. 1988. 1987. 1986. 1985. 1984.
 1983. 1982. 1981. 1980. 1979. 1978. 1977. 1976. 1975. 1974. 1973. 1972.
 1971. 1970. 1969. 1968. 1967. 1966. 1965. 1964. 1963. 1962. 1961. 1960.
 1959. 1958. 1957. 1956. 1955. 1954. 1953. 1952. 1951. 1950. 1949. 1948.
 1947. 1946. 1945. 1944. 1943. 1942. 1941. 1940. 1939. 1938. 1937. 1936.
 1935. 1934. 1933. 1932. 1931. 1930. 1929. 1928. 1927. 1926. 1925. 1924.
 1923. 1922. 1921. 1920. 1919. 1918. 1917. 1916. 1915. 1914. 1913. 1912.
 1911. 1910. 1909. 1908. 1907. 1906. 1905. 1904. 1903. 1902. 1901. 1900.
 1899. 1898. 1897. 1896. 1895. 1894. 1893. 1892. 1891. 1890. 1889. 1888.
 1887. 1886. 1885. 1884. 1883. 1882. 1881. 1880. 1879. 1878. 1877. 1876.
 1875. 1874. 1873. 1872. 1871. 1870. 1869. 1868. 1867. 1866. 1865. 1864.
 1863. 1862. 1861. 1860. 1859. 1858. 1857. 1856. 1855. 1854. 1853. 1852.
 1851. 1850.]"
23,77.17,-61.13,1885.0,"[-29.9 -31.  -29.1 -29.7 -28.8 -29.1 -30.3 -28.7 -29.8 -30.1 -29.9 -30.4
 -28.1 -29.9 -31.4 -30.5 -28.3 -27.1 -29.4 -29.1 -28.9 -28.9 -28.9 -28.7
 -28.1 -27.9 -27.9 -28.1 -28.2 -27.4 -26.2 -29.9 -29.7 -29.1 -27.2 -30.4
 -28.9 -29.  -28.2 -27.4 -27.3 -28.9 -30.4 -29.  -29.1 -28.4 -26.7 -26.7
 -28.  -28.  -30.5 -30.5 -27.7 -27.7 -30.2 -30.2 -29.5 -29.5 -28.6 -28.6
 -27.7 -27.7 -29.1 -29.1 -28.  -28.  -27.9 -27.9 -29.2 -29.2 -29.7 -29.7
 -31.  -31.  -28.9 -28.9 -26.7 -26.7 -25.7 -25.7 -26.5 -26.5 -28.2 -28.2
 -28.4 -28.4 -28.  -28.  -28.8 -26.1 -30.1 -27.7 -28.1 -30.3 -28.7 -27.7
 -28.4 -29.6 -28.9 -28.8 -29.1 -28.5 -28.3 -29.9 -28.6 -32.2 -28.8 -28.5
 -30.1 -30.8 -29.3 -29.1 -29.6 -29.2 -31.6 -29.4 -29.3 -31.2]","[1850. 1851. 1852. 1853. 1854. 1855. 1856. 1857. 1858. 1859. 1860. 1861.
 1862. 1863. 1864. 1865. 1866. 1867. 1868. 1869. 1870. 1871. 1872. 1873.
 1874. 1875. 1876. 1877. 1878. 1879. 1880. 1881. 1882. 1883. 1884. 1885.
 1886. 1887. 1888. 1889. 1890. 1891. 1892. 1893. 1894. 1895. 1896. 1897.
 1898. 1899. 1900. 1901. 1902. 1903. 1904. 1905. 1906. 1907. 1908. 1909.
 1910. 1911. 1912. 1913. 1914. 1915. 1916. 1917. 1918. 1919. 1920. 1921.
 1922. 1923. 1924. 1925. 1926. 1927. 1928. 1929. 1930. 1931. 1932. 1933.
 1934. 1935. 1936. 1937. 1938. 1939. 1940. 1941. 1942. 1943. 1944. 1945.
 1946. 1947. 1948. 1949. 1950. 1951. 1952. 1953. 1954. 1955. 1956. 1957.
 1958. 1959. 1960. 1961. 1962. 1963. 1964. 1965. 1966. 1967.]"
24,75.2504,-37.6248,2820.0,"[-36.9 -39.  -39.1 -35.8 -38.6 -37.8 -38.6 -37.5 -40.6 -38.4 -38.1 -37.3
 -38.4 -35.7 -36.6 -36.5 -36.5 -37.3 -37.9 -37.7 -36.7 -35.5 -37.5 -36.9
 -35.7 -36.9 -36.9 -37.1 -38.9 -38.3 -35.7 -38.5 -37.9 -36.3 -36.4 -34.7
 -34.8 -34.7 -34.7 -34.8 -34.8 -34.8 -34.9 -35.8 -37.6 -36.7 -35.5 -35.5
 -36.8 -37.9 -36.9 -37.1 -38.  -37.4 -35.5 -35.5 -37.3 -36.8 -36.7 -35.8
 -34.7 -35.9 -35.4 -35.4 -36.4 -35.  -35.1 -37.7 -37.8 -36.9 -37.6 -37.8
 -37.  -37.1 -37.5 -37.7 -37.5 -36.7 -38.  -36.3 -37.3 -39.5 -36.5 -36.4
 -37.6 -38.  -36.7 -37.4 -38.5 -39.4 -39.2 -36.5 -35.9 -35.9 -36.5 -36.7
 -36.4 -37.8 -38.4 -36.8 -36.3 -35.6 -35.5 -36.5 -37.  -36.2 -34.5 -34.9
 -36.7 -36.5 -36.  -35.7 -35.9 -33.9 -34.1 -36.5 -37.8 -34.8 -35.5 -37.4
 -37.  -37.4 -36.7 -36.  -36.2 -36.5 -36.2 -36.2 -35.9 -35.3 -36.5 -37.7
 -37.9 -37.5 -35.8 -35.7 -37.3 -38.5 -37.4 -36.7 -37.  -36.4 -37.9]","[1992. 1991. 1990. 1989. 1988. 1987. 1986. 1985. 1984. 1983. 1982. 1981.
 1980. 1979. 1978. 1977. 1976. 1975. 1974. 1973. 1972. 1971. 1970. 1969.
 1968. 1967. 1966. 1965. 1964. 1963. 1962. 1961. 1960. 1959. 1958. 1957.
 1956. 1955. 1954. 1953. 1952. 1951. 1950. 1949. 1948. 1947. 1946. 1945.
 1944. 1943. 1942. 1941. 1940. 1939. 1938. 1937. 1936. 1935. 1934. 1933.
 1932. 1931. 1930. 1929. 1928. 1927. 1926. 1925. 1924. 1923. 1922. 1921.
 1920. 1919. 1918. 1917. 1916. 1915. 1914. 1913. 1912. 1911. 1910. 1909.
 1908. 1907. 1906. 1905. 1904. 1903. 1902. 1901. 1900. 1899. 1898. 1897.
 1896. 1895. 1894. 1893. 1892. 1891. 1890. 1889. 1888. 1887. 1886. 1885.
 1884. 1883. 1882. 1881. 1880. 1879. 1878. 1877. 1876. 1875. 1874. 1873.
 1872. 1871. 1870. 1869. 1868. 1867. 1866. 1865. 1864. 1863. 1862. 1861.
 1860. 1859. 1858. 1857. 1856. 1855. 1854. 1853. 1852. 1851. 1850.]"
25,-73.6,-12.43,700.0,"[-23.496714 -24.383778 -26.734385 -23.245333 -24.4158   -27.418625
 -26.352385 -27.158556 -27.7755   -27.452467 -23.081545 -24.683
 -27.213    -26.343834 -24.02306  -23.439875 -25.518637 -26.49
 -27.340155 -27.921917 -25.685    -24.161    -25.788067 -26.897175
 -25.6824   -26.857365 -25.878555 -25.883    -27.164385 -27.303959
 -27.3204   -26.751183 -25.954765 -26.719812 -25.691181 -27.235533
 -25.543142 -28.063168 -27.749666 -26.511715 -27.632294 -27.213636
 -26.7692   -27.786154 -28.781    -25.423923 -27.703455 -25.047
 -27.10107  -28.947857 -28.483334 -26.545214 -26.954666 -24.882158
 -28.107088 -27.884268 -27.385923 -27.33595  -26.9338   -27.164429]","[1991. 1990. 1989. 1988. 1987. 1986. 1985. 1984. 1983. 1982. 1981. 1980.
 1979. 1978. 1977. 1976. 1975. 1974. 1973. 1972. 1971. 1970. 1969. 1968.
 1967. 1966. 1965. 1964. 1963. 1962. 1961. 1960. 1959. 1958. 1957. 1956.
 1955. 1954. 1953. 1952. 1951. 1950. 1949. 1948. 1947. 1946. 1945. 1944.
 1943. 1942. 1941. 1940. 1939. 1938. 1937. 1936. 1935. 1934. 1933. 1932.]"
26,79.83,24.0,750.0,"[-18.01 -21.83 -20.22 -19.45 -19.19 -18.76 -17.28 -19.52 -15.65 -18.18
 -19.37 -18.91 -17.93 -17.1  -18.8  -18.32 -19.93 -19.16 -16.61 -17.32
 -17.07 -18.48 -18.06 -18.94 -18.02 -19.32 -19.23 -18.72 -17.39 -18.33
 -16.55 -17.22 -16.44 -15.34 -20.06 -18.21 -17.04 -18.75 -20.05 -18.25
 -15.68 -15.34 -16.35 -17.01 -18.44 -18.64 -19.67 -18.62 -17.98 -18.27
 -19.59 -18.97 -19.16 -19.15 -19.91 -19.86 -18.02 -19.03 -19.32 -18.17
 -17.47 -18.99 -17.25 -16.61 -15.98 -16.65 -16.24 -16.56 -16.87 -17.03
 -17.27 -16.31 -16.06 -15.55 -15.38 -16.12 -16.1  -14.89 -15.49 -14.96
 -14.54 -15.94 -15.97 -15.36 -15.64 -15.29 -16.24 -17.05 -16.49 -16.69
 -16.72 -16.2  -16.29 -17.15 -16.76 -17.02 -17.98 -16.99 -15.84 -15.98
 -16.37 -16.52 -15.09 -14.85 -16.43 -16.54 -17.14 -15.87 -15.05 -15.72
 -17.09 -15.66 -14.62 -17.11 -17.84 -17.23 -18.09 -17.02 -17.58 -17.28
 -17.24 -16.82 -17.43 -16.61 -15.89 -16.96 -17.13 -16.04 -16.32 -16.77
 -17.33 -17.7  -16.93 -17.66 -17.14 -17.07 -17.09 -15.33 -16.83 -17.07
 -17.12 -17.   -17.18 -17.68 -17.84 -16.39 -17.28 -15.35 -15.07]","[1850. 1851. 1852. 1853. 1854. 1855. 1856. 1857. 1858. 1859. 1860. 1861.
 1862. 1863. 1864. 1865. 1866. 1867. 1868. 1869. 1870. 1871. 1872. 1873.
 1874. 1875. 1876. 1877. 1878. 1879. 1880. 1881. 1882. 1883. 1884. 1885.
 1886. 1887. 1888. 1889. 1890. 1891. 1892. 1893. 1894. 1895. 1896. 1897.
 1898. 1899. 1900. 1901. 1902. 1903. 1904. 1905. 1906. 1907. 1908. 1909.
 1910. 1911. 1912. 1913. 1914. 1915. 1916. 1917. 1918. 1919. 1920. 1921.
 1922. 1923. 1924. 1925. 1926. 1927. 1928. 1929. 1930. 1931. 1932. 1933.
 1934. 1935. 1936. 1937. 1938. 1939. 1940. 1941. 1942. 1943. 1944. 1945.
 1946. 1947. 1948. 1949. 1950. 1951. 1952. 1953. 1954. 1955. 1956. 1957.
 1958. 1959. 1960. 1961. 1962. 1963. 1964. 1965. 1966. 1967. 1968. 1969.
 1970. 1971. 1972. 1973. 1974. 1975. 1976. 1977. 1978. 1979. 1980. 1981.
 1982. 1983. 1984. 1985. 1986. 1987. 1988. 1989. 1990. 1991. 1992. 1993.
 1994. 1995. 1996. 1997. 1998.]"
27,76.0039,-43.492,2874.0,"[-35.9 -37.3 -37.3 -36.3 -35.9 -35.4 -34.5 -34.5 -35.7 -33.4 -37.6 -36.
 -35.5 -36.6 -37.4 -36.5 -34.4 -34.3 -33.4 -33.9 -35.5 -37.4 -33.7 -35.3
 -35.8 -35.1 -37.1 -37.4 -34.1 -35.  -35.9 -35.9 -34.5 -34.6 -35.1 -37.3
 -37.1 -35.  -34.3 -33.5 -35.4 -34.3 -33.7 -34.5 -34.4 -36.1 -35.4 -36.4
 -37.4 -37.4 -37.1 -34.8 -35.6 -36.1 -34.4 -38.7 -38.  -35.4 -35.8 -34.6
 -33.6 -35.  -34.5 -34.6 -35.2 -33.4 -31.6 -33.9 -34.3 -34.1 -36.2 -34.6
 -35.9 -36.5 -35.7 -35.2 -35.5 -36.2 -33.4 -33.  -36.2 -36.7 -34.6 -33.5
 -35.  -34.1 -34.7 -35.7 -34.7 -35.3 -34.4 -33.4 -33.4 -34.8 -35.8 -35.5
 -35.7 -36.1 -34.8 -33.9 -35.4 -35.1 -35.6 -35.5 -35.7 -35.4 -35.9 -36.4
 -36.3 -37.1 -36.2 -37.  -37.  -34.9 -34.  -32.8 -32.7 -33.7 -34.4 -35.1
 -35.2 -35.4 -35.4 -35.4 -34.8 -36.2 -37.9 -37.3 -36.  -36.7 -36.6 -36.1
 -36.  -34.8 -35.2 -35.7 -34.9 -35.5 -34.5 -35.2 -36.6 -36.  -35.4 -34.6
 -33.8]","[1994. 1993. 1992. 1991. 1990. 1989. 1988. 1987. 1986. 1985. 1984. 1983.
 1982. 1981. 1980. 1979. 1978. 1977. 1976. 1975. 1974. 1973. 1972. 1971.
 1970. 1969. 1968. 1967. 1966. 1965. 1964. 1963. 1962. 1961. 1960. 1959.
 1958. 1957. 1956. 1955. 1954. 1953. 1952. 1951. 1950. 1949. 1948. 1947.
 1946. 1945. 1944. 1943. 1942. 1941. 1940. 1939. 1938. 1937. 1936. 1935.
 1934. 1933. 1932. 1931. 1930. 1929. 1928. 1927. 1926. 1925. 1924. 1923.
 1922. 1921. 1920. 1919. 1918. 1917. 1916. 1915. 1914. 1913. 1912. 1911.
 1910. 1909. 1908. 1907. 1906. 1905. 1904. 1903. 1902. 1901. 1900. 1899.
 1898. 1897. 1896. 1895. 1894. 1893. 1892. 1891. 1890. 1889. 1888. 1887.
 1886. 1885. 1884. 1883. 1882. 1881. 1880. 1879. 1878. 1877. 1876. 1875.
 1874. 1873. 1872. 1871. 1870. 1869. 1868. 1867. 1866. 1865. 1864. 1863.
 1862. 1861. 1860. 1859. 1858. 1857. 1856. 1855. 1854. 1853. 1852. 1851.
 1850.]"
28,65.18,-43.83,2480.0,[-27.36 -27.06 -27.36 -27.87 -27.58 -28.3 ],[1960. 1940. 1920. 1900. 1880. 1860.]
29,46.5481,8.0461,3890.0,"[-16.2 -16.  -15.  -14.2 -17.4 -16.6 -16.4 -16.9 -14.3 -15.8 -15.8 -16.8
 -16.6 -16.6 -18.  -16.4 -17.6 -15.2 -17.5 -18.1 -15.6 -18.3 -17.6 -14.4
 -16.3 -17.8 -15.6 -18.1 -16.4 -17.3 -16.9 -17.9 -17.2 -16.2 -15.6 -15.4
 -16.  -17.8 -16.8 -16.7 -17.5 -16.9 -17.8]","[1946. 1947. 1948. 1949. 1950. 1951. 1952. 1953. 1954. 1955. 1956. 1957.
 1958. 1959. 1960. 1961. 1962. 1963. 1964. 1965. 1966. 1967. 1968. 1969.
 1970. 1971. 1972. 1973. 1974. 1975. 1976. 1977. 1978. 1979. 1980. 1981.
 1982. 1983. 1984. 1985. 1986. 1987. 1988.]"
30,70.63,-35.82,3092.0,"[-35.34 -32.99 -37.66 -34.5  -36.4  -32.53 -34.23 -35.12 -34.9  -34.71
 -32.97 -34.86 -35.67 -35.26 -36.73 -38.1  -31.86 -31.96 -36.69 -37.73
 -36.77 -36.15 -35.34 -32.84 -32.02 -36.64 -34.28 -38.32 -34.51 -32.42
 -33.93 -35.48 -35.7  -39.32 -35.61 -32.78 -33.84 -36.43 -34.79 -35.65
 -35.31 -35.81 -35.65 -37.87 -35.11 -37.33 -38.29 -36.1  -37.44 -34.63
 -37.15 -36.49 -36.75 -33.53 -33.73 -37.08 -36.86 -37.92 -35.45 -33.73
 -37.56 -34.01 -36.68 -38.81 -40.41 -40.45 -35.94 -34.82 -38.36 -35.19
 -40.49 -36.87 -36.32 -34.48 -35.72 -34.93 -38.46 -39.29 -36.17 -37.89
 -39.06 -37.13 -34.81 -36.79 -36.96 -37.49 -36.49 -38.39 -38.4  -35.81
 -35.19 -33.42 -37.81 -36.29 -36.62 -35.17 -37.99 -36.46 -36.29 -35.3
 -36.98 -38.07 -33.43 -35.11 -32.94 -34.44 -40.29 -35.97 -36.78 -37.19
 -38.06 -34.85 -36.59 -36.51 -32.25 -33.81 -37.04 -33.99 -34.46 -34.84
 -34.49]","[1970. 1969. 1968. 1967. 1966. 1965. 1964. 1963. 1962. 1961. 1960. 1959.
 1958. 1957. 1956. 1955. 1954. 1953. 1952. 1951. 1950. 1949. 1948. 1947.
 1946. 1945. 1944. 1943. 1942. 1941. 1940. 1939. 1938. 1937. 1936. 1935.
 1934. 1933. 1932. 1931. 1930. 1929. 1928. 1927. 1926. 1925. 1924. 1923.
 1922. 1921. 1920. 1919. 1918. 1917. 1916. 1915. 1914. 1913. 1912. 1911.
 1910. 1909. 1908. 1907. 1906. 1905. 1904. 1903. 1902. 1901. 1900. 1899.
 1898. 1897. 1896. 1895. 1894. 1893. 1892. 1891. 1890. 1889. 1888. 1887.
 1886. 1885. 1884. 1883. 1882. 1881. 1880. 1879. 1878. 1877. 1876. 1875.
 1874. 1873. 1872. 1871. 1870. 1869. 1868. 1867. 1866. 1865. 1864. 1863.
 1862. 1861. 1860. 1859. 1858. 1857. 1856. 1855. 1854. 1853. 1852. 1851.
 1850.]"
31,70.63,-35.82,3092.0,"[-31.99 -26.4  -30.45 -31.74 -29.72 -32.29 -30.19 -30.61 -30.37 -30.35
 -31.81 -32.13 -31.24 -30.64 -33.41 -34.43 -32.5  -31.41 -32.23 -28.92
 -30.15 -31.04 -31.99 -28.87 -30.53 -29.31 -32.48 -30.95 -31.32 -28.77
 -29.93 -30.15 -32.35 -32.58 -28.69 -29.91 -28.97 -29.27 -27.44 -30.66
 -30.87 -29.22 -32.46 -28.23 -32.12 -32.62 -33.34 -30.75 -32.51 -30.63
 -32.08 -30.34 -30.29 -30.56 -29.49 -32.49 -29.99 -32.3  -31.2  -31.37
 -31.39 -32.41 -31.53 -31.5  -33.06 -34.04 -29.65 -32.12 -32.83 -27.87
 -35.81 -30.41 -32.92 -31.29 -32.51 -26.41 -29.26 -33.26 -33.01 -31.63
 -33.59 -26.63 -30.52 -32.66 -31.86 -31.59 -30.75 -29.1  -31.38 -30.9
 -29.18 -33.34 -32.39 -32.14 -29.68 -31.08 -29.9  -33.04 -29.64 -29.98
 -29.7  -32.83 -31.07 -30.36 -31.55 -31.42 -30.43 -34.03 -31.54 -33.46
 -33.77 -32.23 -29.89 -32.6  -31.93 -29.57 -31.26 -33.7  -30.96 -31.37
 -32.89]","[1970. 1969. 1968. 1967. 1966. 1965. 1964. 1963. 1962. 1961. 1960. 1959.
 1958. 1957. 1956. 1955. 1954. 1953. 1952. 1951. 1950. 1949. 1948. 1947.
 1946. 1945. 1944. 1943. 1942. 1941. 1940. 1939. 1938. 1937. 1936. 1935.
 1934. 1933. 1932. 1931. 1930. 1929. 1928. 1927. 1926. 1925. 1924. 1923.
 1922. 1921. 1920. 1919. 1918. 1917. 1916. 1915. 1914. 1913. 1912. 1911.
 1910. 1909. 1908. 1907. 1906. 1905. 1904. 1903. 1902. 1901. 1900. 1899.
 1898. 1897. 1896. 1895. 1894. 1893. 1892. 1891. 1890. 1889. 1888. 1887.
 1886. 1885. 1884. 1883. 1882. 1881. 1880. 1879. 1878. 1877. 1876. 1875.
 1874. 1873. 1872. 1871. 1870. 1869. 1868. 1867. 1866. 1865. 1864. 1863.
 1862. 1861. 1860. 1859. 1858. 1857. 1856. 1855. 1854. 1853. 1852. 1851.
 1850.]"
32,33.9167,89.0833,6070.0,"[-12.2  -12.05 -13.05 -12.97 -13.53 -14.23 -13.11 -11.4  -12.9  -15.39
 -15.3  -13.53 -13.34 -14.33 -15.02]","[1994.5 1984.5 1974.5 1964.5 1954.5 1944.5 1934.5 1924.5 1914.5 1904.5
 1894.5 1884.5 1874.5 1864.5 1854.5]"
33,33.9167,89.0833,6070.0,"[-14.24 -16.14 -13.49 -14.13 -15.55 -14.89 -13.99 -15.29 -14.42 -13.48
 -14.72 -15.2  -14.84 -14.71 -13.97 -13.41 -14.33 -17.06 -16.4  -16.78
 -14.98 -16.45 -16.05 -16.34 -13.46 -13.94 -15.81 -14.14 -14.73 -14.77]","[1997. 1992. 1987. 1982. 1977. 1972. 1967. 1962. 1957. 1952. 1947. 1942.
 1937. 1932. 1927. 1922. 1917. 1912. 1907. 1902. 1897. 1892. 1887. 1882.
 1877. 1872. 1867. 1862. 1857. 1852.]"
34,33.9167,89.0833,6070.0,"[-15.19 -13.81 -15.22 -14.64 -13.95 -14.96 -14.77 -13.69 -15.7  -16.59
 -15.71 -16.19 -13.7  -14.98 -14.75]","[1994.5 1984.5 1974.5 1964.5 1954.5 1944.5 1934.5 1924.5 1914.5 1904.5
 1894.5 1884.5 1874.5 1864.5 1854.5]"
35,-73.72,7.94,3174.0,"[-44.3023 -42.883  -42.407  -42.4927 -43.2434 -43.3115 -44.0778 -44.5666
 -44.2956 -43.5955 -43.5885 -43.9851 -45.6442 -46.2412 -45.1525 -43.8037
 -42.8135 -42.4622 -42.6919 -43.7841 -43.8563 -43.314  -43.6593 -45.2978
 -46.8794 -47.2501 -47.1012 -47.118  -47.0257 -46.2721 -44.2733 -43.6225
 -44.1043 -45.1332 -45.6648 -45.7177 -47.397  -48.4691 -48.126  -47.5764
 -46.8659 -46.0052 -44.885  -42.5959 -40.6301 -40.992  -43.3591 -45.0771
 -45.7478 -46.1533 -45.9115 -47.0197 -48.0476 -49.4018 -50.0601 -49.8291
 -48.4324 -47.4476 -46.5727 -45.9575 -46.132  -46.7342 -47.46   -47.6787
 -47.1911 -45.8148 -44.5168 -43.8564 -44.9153 -45.9091 -45.6891 -44.1181
 -42.1778 -40.9827 -40.335  -40.2353 -40.4682 -40.2177 -40.1116 -40.1455
 -41.0307 -42.6307 -44.966  -45.2278 -44.9927 -44.5355 -44.1049 -43.8547
 -44.1647 -44.6824 -45.3924 -46.1166 -46.7751 -47.0663 -47.4454 -48.051
 -48.5215 -49.0442 -49.2988 -49.3317 -48.6532 -47.2598 -46.0678 -45.9991
 -46.2092 -46.3092 -46.1421 -45.2224 -43.9638 -42.7013 -41.8216 -41.4734
 -42.0438 -42.9364 -45.0976 -45.075  -45.0503 -44.8629 -45.1402 -45.4584
 -45.7184 -45.2893 -44.7013 -44.4221 -44.3319 -44.4711 -44.1297 -44.2232
 -43.9944 -44.0561 -44.296  -44.1623 -44.3082 -44.2253 -44.4094 -45.0345
 -45.3355 -45.8302 -46.2938 -46.1511 -45.6858 -45.303  -44.9543 -44.5691
 -44.4507 -44.7294 -45.2373 -45.1863 -44.9454 -44.7387 -44.5305 -44.3212
 -44.3961 -44.4282 -44.6679 -44.9496 -45.0604 -45.2385 -45.3184 -45.482
 -45.5123 -45.6404 -45.6925 -45.7058 -45.7765 -46.0167 -46.2995 -46.5019
 -46.6056 -46.6463 -46.4928 -46.3042 -45.9075 -45.5329 -45.3713 -45.0433
 -45.0398 -44.9702 -45.5434 -46.1777 -46.2849 -46.2698 -46.1279 -45.9412
 -46.114  -46.3993 -46.5817 -46.8222 -46.7937 -46.524  -46.1518 -45.8371
 -44.2274 -44.2457 -44.2286 -44.1397 -44.2196 -44.2657 -44.2161 -44.4081
 -44.3749 -44.3229 -44.3054 -44.3066 -44.1878 -44.1007 -43.8516 -43.8094
 -43.3177 -43.007  -42.4643 -41.8265 -41.4349 -41.2709 -41.0961 -41.1583
 -41.4013 -41.4409 -41.3233 -41.1257 -41.2816 -41.6447 -41.817  -42.075
 -42.3886 -42.6759 -42.3752 -42.3721 -42.3214 -42.417  -42.5119 -42.9421
 -43.3767 -44.0987 -44.6103 -46.2663 -46.2784 -46.0881 -45.8456 -45.762
 -45.6414 -45.6207 -45.4041 -45.4783 -45.7549 -45.7867 -45.5358 -45.1571
 -44.6824 -44.1922 -43.9373 -44.0232 -44.3846 -44.9614 -45.523  -46.0447
 -46.3755 -46.4628 -46.3951 -46.1267 -45.875  -45.4552 -45.1241 -45.0696
 -44.981  -44.9955 -45.0095 -45.1005 -45.2239 -45.4023 -45.5042 -45.5667
 -45.3035 -45.1748 -45.0114 -45.     -45.0188 -44.9913 -44.5465 -43.9446
 -43.4148 -42.3906 -41.5457 -40.7627 -40.5911 -40.6979 -40.9115 -41.167
 -41.6264 -41.9604 -42.3641 -42.6632 -43.0459 -43.5669 -44.1538 -44.6841
 -45.1069 -45.6779 -46.1114 -46.4875 -46.7762 -47.1524 -47.3799 -47.2465
 -47.5213 -47.5599 -47.8103 -47.7582 -47.625  -47.75   -47.7445 -47.5289
 -47.2482 -47.0013 -46.9652 -46.8747 -46.7263 -46.3022 -46.0211 -45.644
 -45.3226 -45.147  -45.094  -45.1251 -45.2159 -45.0214 -44.8202 -44.4729
 -44.2213 -44.0074 -43.8837 -43.9094 -43.8937 -43.6381 -43.7068 -43.6458
 -43.1009 -43.0649 -43.1372 -43.2048 -43.585  -44.0889 -44.3994 -44.5224
 -44.5023 -44.2857 -44.0749 -43.958  -43.4354 -43.2931 -42.8946 -42.7844
 -42.7884 -42.608  -42.7599 -42.9971 -43.4628 -43.2827 -43.0032 -42.6133
 -41.9654 -40.8043 -41.3964 -40.3281 -40.0631 -39.9618 -40.1795 -40.5059
 -41.1595 -42.3994 -43.4782 -44.2167 -44.9743 -45.3232 -45.6944 -45.6833
 -45.7723 -45.6944 -45.5983 -45.5579 -45.5776 -45.5741 -45.8125 -45.7703
 -45.6718 -45.301  -44.3404 -45.7399 -45.8534 -45.8661 -45.8299 -45.8768
 -45.9991 -46.1794 -46.7696 -47.3126 -47.7512 -47.8755 -47.9156 -47.5199
 -47.4517 -47.1351 -46.726  -46.1419 -45.5954 -45.1599 -45.2855 -45.9844
 -46.5405 -46.8543 -46.7783 -46.6636 -46.4892 -46.15   -45.4936 -45.142
 -45.0556 -44.9286 -44.7914 -44.4596 -44.1921 -43.8256 -43.4722 -43.5554
 -43.5046 -43.7313 -44.2442 -44.4496 -44.6038 -44.3494 -44.4044 -44.5718
 -44.8414 -45.3228 -45.5839 -45.3545 -45.7599 -46.0003 -46.2823 -46.4229
 -46.4883 -46.383  -46.2358 -45.8785 -45.8256 -45.6606 -45.5609 -45.4447
 -45.4113 -45.5202 -45.4814 -45.6353 -45.5367 -45.3278 -45.4158 -45.1123
 -45.0193 -45.0971 -44.8217 -44.3865 -44.3214 -44.0756 -43.5987 -43.61
 -43.7196 -43.9667 -44.2808 -44.4256 -44.5997 -44.9551 -45.3089 -45.5196
 -45.9276 -46.2619 -46.7327 -46.6895 -46.4075 -45.6875 -45.1157 -44.3294
 -43.7416 -43.5026 -43.4688 -43.1914 -42.8001 -42.0136 -42.0629 -41.8422
 -41.6697 -41.5451 -41.9194 -41.9027 -42.5413 -43.2252 -44.4192 -45.1896
 -45.853  -46.3624 -46.6459 -46.9845 -47.0246 -46.9856 -46.8839 -46.5345
 -46.3538 -46.2724 -45.9491 -45.8371 -45.9272 -45.8181 -45.5559 -45.3003
 -45.0411 -44.531  -44.4788 -44.485  -44.6333 -44.7281 -44.8242 -44.9168
 -45.0486 -45.2504 -45.3305 -45.5199 -45.421  -45.5324 -45.9403 -46.1464
 -46.3699 -46.4477 -46.4954 -46.3197 -46.1086 -46.2294 -46.1349 -45.9841
 -45.963  -44.8747 -45.107  -45.4637 -45.9264 -46.1028 -46.5276 -46.605
 -46.324  -46.3141 -46.0973 -46.0158 -45.8409 -45.7043 -45.698  -45.8208
 -46.0144 -46.2291 -46.4421 -46.7368 -46.9125 -47.0645 -47.0394 -46.4583
 -45.9547 -45.3715 -45.0303 -44.582  -44.2502 -43.9832 -43.8861 -44.0295
 -44.2424 -44.4951 -44.8754 -44.8014 -44.8681 -44.9057 -45.0251 -45.0788
 -45.3747 -45.8307 -46.1946 -46.6093 -46.8632 -47.0336 -46.9186 -46.9817
 -46.8467 -46.5823 -46.5567 -46.4257 -45.9948 -46.3955 -46.2665 -46.3257
 -46.0563 -45.8105 -45.6083 -45.5214 -45.1716 -44.8872 -44.9139 -44.8313
 -45.2858 -45.3275 -45.7384 -45.935  -46.0561 -46.1689 -46.0569 -45.7027
 -45.8375 -46.0012 -46.7181 -46.3402 -47.1283 -47.7813 -48.1312 -48.3763
 -48.2988 -47.8469 -47.4226 -46.9324 -46.4351 -45.8189 -45.4883 -45.1044
 -44.9969 -44.9949 -44.7871 -44.5594 -44.1495 -43.7731 -43.2073 -42.9374
 -42.7138 -42.6775 -42.8073 -42.7787 -42.9601 -43.2214 -43.5748 -43.7561
 -44.1743 -44.8488 -45.0802 -45.1746 -45.4556 -45.5563 -45.7728 -45.873
 -46.0142 -46.2955 -46.3288 -46.1908 -45.7231 -45.3707 -45.0716 -44.9519
 -44.7245 -44.6291 -44.4511 -44.4218 -44.5025 -44.1739 -44.2315 -44.6697
 -44.675  -44.5116 -44.7354 -44.4531 -44.5658 -44.5343 -44.6029 -44.3614
 -44.1293 -43.7084 -43.1171 -43.0118 -43.0212 -42.8847 -42.9698 -43.0874
 -43.2279 -43.2612 -43.6891 -44.354  -45.0474 -45.3607 -45.921  -46.3842
 -46.7409 -47.685  -48.092  -48.4493 -48.9272 -49.0927 -48.7943 -48.5525
 -47.9765 -47.4371 -46.9289 -46.4871 -45.966  -45.5712 -45.0627 -44.8337
 -44.6418 -44.6807 -44.6207 -44.9033 -45.0406 -45.319  -45.3378 -45.4701
 -45.3905 -45.525  -45.7993 -46.0588 -46.1984 -46.2733 -46.4339 -46.4313
 -46.3466 -46.3197 -46.1605 -46.0361 -46.1178 -45.5207 -45.5896 -45.5433
 -46.1244 -46.1091 -46.0587 -46.0884 -46.3033 -46.0664 -46.0111 -45.9225
 -45.7343 -45.57   -45.6365 -46.1664 -46.4436 -46.5956 -45.996  -45.8255
 -45.3357 -45.1458 -44.8622 -44.6228 -44.4121 -44.5078 -44.5271 -44.7485
 -44.7753 -44.8212 -44.7201 -44.5604 -44.3888 -44.1544 -44.0427 -43.7252
 -43.6512]","[2005.4 2005.2 2005.  2004.8 2004.6 2004.4 2004.1 2003.9 2003.7 2003.4
 2003.3 2003.1 2002.9 2002.7 2002.4 2002.2 2002.1 2001.9 2001.4 2001.1
 2000.8 2000.6 2000.3 2000.1 1999.8 1999.6 1999.4 1999.1 1998.9 1998.7
 1998.4 1998.2 1997.9 1997.7 1997.5 1997.2 1996.9 1996.7 1996.4 1996.2
 1995.9 1995.7 1995.4 1995.2 1995.  1994.7 1994.5 1994.2 1994.  1993.8
 1993.6 1993.3 1993.  1992.8 1992.6 1992.4 1992.2 1992.  1991.8 1991.6
 1991.3 1991.2 1990.9 1990.8 1990.5 1990.3 1990.1 1989.9 1989.7 1989.5
 1989.3 1989.  1988.9 1988.6 1988.4 1988.3 1988.1 1987.9 1987.7 1987.5
 1987.3 1987.1 1986.7 1986.6 1986.3 1986.2 1986.1 1985.9 1985.7 1985.4
 1985.3 1985.2 1985.  1984.9 1984.7 1984.5 1984.3 1984.  1983.8 1983.5
 1983.3 1983.  1982.8 1982.5 1982.3 1982.  1981.8 1981.5 1981.3 1981.
 1980.8 1980.5 1980.3 1980.  1979.8 1979.5 1979.3 1979.1 1978.8 1978.6
 1978.4 1978.1 1977.9 1977.7 1977.4 1977.2 1976.9 1976.7 1976.5 1976.3
 1976.1 1975.8 1975.6 1975.4 1975.1 1974.9 1974.7 1974.4 1974.2 1974.
 1973.8 1973.5 1973.3 1973.1 1972.8 1972.6 1972.4 1972.3 1972.1 1971.9
 1971.8 1971.6 1971.5 1971.3 1971.1 1971.  1970.8 1970.6 1970.4 1970.3
 1970.1 1969.9 1969.8 1969.6 1969.5 1969.3 1969.1 1969.  1968.8 1968.7
 1968.5 1968.3 1968.2 1968.  1967.8 1967.7 1967.5 1967.4 1967.1 1966.9
 1966.8 1966.6 1966.5 1966.3 1966.1 1966.  1965.8 1965.6 1965.4 1965.2
 1965.1 1964.8 1964.5 1964.3 1964.2 1964.  1963.8 1963.6 1963.5 1963.3
 1963.1 1963.  1962.8 1962.6 1962.3 1962.2 1962.  1961.8 1961.6 1961.5
 1961.3 1961.1 1960.9 1960.8 1960.6 1960.4 1960.2 1960.  1959.9 1959.7
 1959.5 1959.3 1959.2 1959.  1958.8 1958.5 1958.4 1958.2 1958.  1957.8
 1957.6 1957.5 1957.3 1957.1 1956.8 1956.6 1956.5 1956.3 1956.1 1955.9
 1955.8 1955.6 1955.4 1955.2 1955.  1954.8 1954.6 1954.4 1954.2 1954.1
 1953.9 1953.7 1953.5 1953.3 1953.2 1953.  1952.8 1952.6 1952.4 1952.3
 1952.1 1951.9 1951.7 1951.5 1951.4 1951.2 1951.  1950.8 1950.6 1950.5
 1950.3 1950.1 1949.9 1949.7 1949.5 1949.4 1949.2 1949.  1948.8 1948.6
 1948.5 1948.3 1948.1 1947.9 1947.7 1947.5 1947.4 1947.2 1947.  1946.8
 1946.6 1946.4 1946.3 1946.1 1945.9 1945.7 1945.5 1945.3 1945.1 1945.
 1944.8 1944.6 1944.4 1944.3 1944.1 1943.9 1943.8 1943.6 1943.4 1943.2
 1943.  1942.8 1942.6 1942.5 1942.3 1942.1 1941.9 1941.7 1941.5 1941.3
 1941.1 1940.9 1940.7 1940.5 1940.3 1940.1 1939.9 1939.8 1939.6 1939.4
 1939.2 1939.  1938.7 1938.5 1938.3 1938.2 1938.  1937.8 1937.6 1937.4
 1937.2 1937.  1936.8 1936.6 1936.4 1936.2 1936.1 1935.9 1935.7 1935.5
 1935.3 1935.1 1934.9 1934.7 1934.4 1934.2 1934.1 1933.9 1933.7 1933.5
 1933.3 1933.1 1932.9 1932.7 1932.5 1932.3 1932.1 1931.9 1931.7 1931.6
 1931.4 1931.2 1931.  1930.8 1930.6 1930.4 1930.2 1930.  1929.8 1929.6
 1929.4 1929.2 1929.  1928.8 1928.6 1928.5 1928.3 1928.1 1927.9 1927.7
 1927.5 1927.3 1927.1 1926.8 1926.6 1926.4 1926.3 1926.1 1925.9 1925.7
 1925.5 1925.3 1925.1 1924.9 1924.6 1924.4 1924.2 1924.  1923.8 1923.6
 1923.4 1923.2 1923.  1922.8 1922.6 1922.4 1922.2 1922.  1921.8 1921.6
 1921.4 1921.2 1921.  1920.8 1920.6 1920.4 1920.1 1919.9 1919.7 1919.5
 1919.3 1919.1 1918.9 1918.7 1918.4 1918.2 1918.  1917.7 1917.5 1917.3
 1917.1 1916.8 1916.6 1916.4 1916.2 1916.  1915.8 1915.6 1915.4 1915.2
 1915.1 1914.9 1914.7 1914.5 1914.3 1914.1 1913.9 1913.7 1913.5 1913.3
 1913.1 1912.9 1912.7 1912.5 1912.3 1912.1 1911.8 1911.6 1911.4 1911.2
 1911.  1910.8 1910.6 1910.4 1910.2 1910.  1909.8 1909.6 1909.4 1909.2
 1909.  1908.8 1908.6 1908.4 1908.1 1907.9 1907.7 1907.5 1907.3 1907.1
 1906.9 1906.7 1906.5 1906.3 1906.1 1905.9 1905.7 1905.5 1905.3 1905.1
 1904.9 1904.7 1904.5 1904.3 1904.1 1903.9 1903.7 1903.5 1903.3 1903.1
 1902.9 1902.7 1902.5 1902.3 1902.1 1901.8 1901.6 1901.4 1901.2 1901.
 1900.8 1900.6 1900.5 1900.3 1900.1 1899.9 1899.7 1899.5 1899.2 1899.
 1898.8 1898.6 1898.4 1898.2 1898.  1897.8 1897.6 1897.4 1897.2 1897.
 1896.8 1896.6 1896.4 1896.2 1896.  1895.8 1895.5 1895.3 1895.1 1895.
 1894.7 1894.5 1894.3 1894.1 1893.9 1893.7 1893.5 1893.3 1893.1 1892.9
 1892.7 1892.5 1892.3 1892.1 1891.9 1891.6 1891.4 1891.2 1891.  1890.8
 1890.6 1890.4 1890.2 1890.  1889.8 1889.5 1889.3 1889.1 1888.9 1888.7
 1888.5 1888.3 1888.1 1887.9 1887.7 1887.5 1887.3 1887.  1886.8 1886.5
 1886.3 1886.1 1885.9 1885.7 1885.5 1885.2 1884.9 1884.7 1884.5 1884.3
 1884.1 1883.9 1883.7 1883.5 1883.2 1883.  1882.7 1882.5 1882.3 1882.1
 1881.9 1881.7 1881.5 1881.2 1881.  1880.8 1880.6 1880.4 1880.2 1880.
 1879.7 1879.5 1879.3 1879.  1878.8 1878.5 1878.3 1878.1 1877.9 1877.7
 1877.5 1877.2 1877.  1876.8 1876.6 1876.2 1876.  1875.8 1875.6 1875.4
 1875.2 1875.  1874.8 1874.6 1874.4 1874.2 1874.  1873.8 1873.6 1873.4
 1873.2 1872.9 1872.7 1872.5 1872.3 1872.1 1871.9 1871.7 1871.5 1871.3
 1871.1 1870.9 1870.7 1870.5 1870.3 1870.1 1869.9 1869.7 1869.5 1869.3
 1869.1 1868.9 1868.6 1868.4 1868.2 1868.  1867.8 1867.6 1867.4 1867.2
 1867.  1866.7 1866.5 1866.3 1866.1 1865.9 1865.7 1865.5 1865.3 1865.1
 1864.9 1864.7 1864.5 1864.3 1864.1 1863.9 1863.7 1863.4 1863.2 1863.
 1862.8 1862.6 1862.3 1862.1 1861.9 1861.7 1861.5 1861.3 1861.1 1860.9
 1860.7 1860.5 1860.3 1860.1 1859.9 1859.6 1859.4 1859.2 1859.  1858.8
 1858.6 1858.4 1858.2 1858.  1857.8 1857.6 1857.4 1857.1 1856.9 1856.7
 1856.5 1856.3 1856.1 1855.9 1855.7 1855.5 1855.3 1855.  1854.8 1854.6
 1854.4 1854.1 1853.9 1853.7 1853.5 1853.2 1853.  1852.8 1852.6 1852.4
 1852.2 1852.  1851.8 1851.5 1851.3 1851.1 1850.9 1850.7 1850.5 1850.3
 1850. ]"
36,-70.24,4.8,48.0,"[-24.75 -23.62 -19.61 -23.71 -19.53 -23.62 -19.86 -23.33 -23.44 -24.64
 -22.72 -24.44 -23.12 -21.67 -21.04 -21.75 -22.97 -25.08 -22.97 -23.32
 -23.05 -24.8  -24.83 -24.5  -22.92 -25.01 -22.63 -20.07 -22.91 -23.9
 -21.47 -21.24 -21.38 -22.04 -22.42 -22.03 -24.53 -22.29 -23.71 -22.36
 -21.5  -24.39 -23.1  -24.03 -22.71 -25.41 -25.63 -23.58 -24.5  -24.19
 -24.24 -21.76 -23.65 -23.03 -24.51 -23.16 -23.   -22.13 -23.46 -22.96
 -21.53 -23.44 -24.7  -22.7  -23.74 -23.35 -24.69 -23.41 -23.31 -23.15
 -23.36 -24.24 -22.81 -23.91 -23.71 -21.87 -23.57 -23.63 -24.08 -21.27
 -23.48 -25.58 -24.87 -24.86 -26.53 -26.09 -24.79 -20.46 -23.94 -23.83
 -24.64 -25.16 -25.61 -23.61 -23.18 -22.17 -21.93 -22.3  -23.01 -25.12
 -26.38 -25.54 -23.52 -23.07 -22.94 -24.55 -25.28 -25.05 -24.18 -28.6
 -24.72 -24.72 -24.71 -21.77 -24.62 -24.45 -22.05 -20.03 -23.87 -23.61
 -23.25 -22.68 -24.05 -26.5  -24.38 -25.18 -26.16 -24.54 -24.74 -23.66
 -21.83 -23.09 -22.24 -21.52 -22.2  -22.57 -22.76 -23.35 -21.8  -21.88
 -24.91 -23.37 -23.75 -22.56 -23.86 -21.93 -23.38 -23.53 -23.77 -24.46]","[1999. 1998. 1997. 1996. 1995. 1994. 1993. 1992. 1991. 1990. 1989. 1988.
 1987. 1986. 1985. 1984. 1983. 1982. 1981. 1980. 1979. 1978. 1977. 1976.
 1975. 1974. 1973. 1972. 1971. 1970. 1969. 1968. 1967. 1966. 1965. 1964.
 1963. 1962. 1961. 1960. 1959. 1958. 1957. 1956. 1955. 1954. 1953. 1952.
 1951. 1950. 1949. 1948. 1947. 1946. 1945. 1944. 1943. 1942. 1941. 1940.
 1939. 1938. 1937. 1936. 1935. 1934. 1933. 1932. 1931. 1930. 1929. 1928.
 1927. 1926. 1925. 1924. 1923. 1922. 1921. 1920. 1919. 1918. 1917. 1916.
 1915. 1914. 1913. 1912. 1911. 1910. 1909. 1908. 1907. 1906. 1905. 1904.
 1903. 1902. 1901. 1900. 1899. 1898. 1897. 1896. 1895. 1894. 1893. 1892.
 1891. 1890. 1889. 1888. 1887. 1886. 1885. 1884. 1883. 1882. 1881. 1880.
 1879. 1878. 1877. 1876. 1875. 1874. 1873. 1872. 1871. 1870. 1869. 1868.
 1867. 1866. 1865. 1864. 1863. 1862. 1861. 1860. 1859. 1858. 1857. 1856.
 1855. 1854. 1853. 1852. 1851. 1850.]"
37,-75.1,123.39,3233.0,[-50.12 -49.16 -48.14 -50.35 -50.94 -50.6  -50.52 -51.07],"[1918.9435 1910.2775 1901.6115 1892.9456 1883.6156 1874.2856 1864.9558
 1855.1349]"
38,46.8842,10.8256,3150.0,"[-14.98 -14.39 -13.42 -14.04 -14.   -13.9  -14.24 -14.19 -14.32 -14.09
 -14.43 -16.33 -15.72 -12.68 -12.64 -13.7  -14.68 -13.73 -13.59 -13.89
 -13.8  -14.26 -13.83 -14.07 -14.23 -13.8  -14.12 -13.68 -13.01 -13.31
 -13.5  -12.66 -12.21 -12.32 -12.04 -12.21 -12.52 -12.38 -13.8  -13.11
 -13.62 -14.46 -14.16 -15.61 -14.48 -14.9  -15.29 -14.9  -14.36 -14.17
 -14.5  -15.02 -15.2  -15.62 -15.65 -15.61 -15.68 -15.08 -15.2  -15.15
 -14.71 -14.61 -15.31 -14.9  -14.96 -14.61 -14.78 -15.43 -15.29 -15.29
 -15.68 -16.43 -16.02 -15.82 -15.55 -16.12 -16.81 -16.03 -15.69 -15.94
 -14.86 -15.25]","[1977. 1976. 1975. 1974. 1973. 1972. 1971. 1970. 1969. 1968. 1967. 1966.
 1965. 1964. 1963. 1962. 1961. 1960. 1959. 1958. 1957. 1956. 1955. 1954.
 1953. 1952. 1951. 1950. 1949. 1948. 1947. 1946. 1945. 1944. 1943. 1942.
 1941. 1940. 1939. 1938. 1937. 1936. 1935. 1934. 1933. 1932. 1931. 1930.
 1929. 1928. 1927. 1926. 1925. 1924. 1923. 1922. 1921. 1920. 1919. 1918.
 1917. 1916. 1915. 1914. 1913. 1912. 1911. 1910. 1909. 1908. 1907. 1906.
 1905. 1904. 1903. 1902. 1901. 1900. 1899. 1898. 1897. 1896.]"
39,78.0006,-36.3978,2234.0,"[-37.  -37.5 -38.1 -38.2 -37.7 -37.4 -37.4 -38.  -36.6 -35.2 -35.  -34.5
 -34.3 -34.3 -32.7 -32.3 -32.7 -33.5 -34.3 -34.7 -34.8 -35.1 -33.9 -33.7
 -33.5 -33.8 -35.  -36.  -34.7 -34.2 -34.2 -33.1 -34.7 -37.2 -36.7 -35.3
 -34.4 -34.7 -35.  -35.6 -34.9 -34.3 -36.3 -35.7 -33.8 -34.6 -37.  -38.
 -37.6 -35.4 -32.9 -33.2 -35.2 -36.6 -36.9 -36.9 -37.2 -37.6 -36.8 -35.6
 -35.7 -36.1 -36.4 -37.4 -37.8 -37.4 -37.1 -37.4 -37.6 -37.4 -36.6 -35.6
 -35.3 -36.8 -36.8 -35.  -33.9 -34.  -33.8 -33.9 -34.2 -35.2 -36.1 -36.7
 -35.9 -33.7 -34.5 -35.8 -36.  -37.2 -36.2 -35.  -34.  -34.3 -35.  -35.1
 -35.3 -36.  -35.3 -33.5 -32.3 -33.6 -34.8 -35.9]","[1953. 1952. 1951. 1950. 1949. 1948. 1947. 1946. 1945. 1944. 1943. 1942.
 1941. 1940. 1939. 1938. 1937. 1936. 1935. 1934. 1933. 1932. 1931. 1930.
 1929. 1928. 1927. 1926. 1925. 1924. 1923. 1922. 1921. 1920. 1919. 1918.
 1917. 1916. 1915. 1914. 1913. 1912. 1911. 1910. 1909. 1908. 1907. 1906.
 1905. 1904. 1903. 1902. 1901. 1900. 1899. 1898. 1897. 1896. 1895. 1894.
 1893. 1892. 1891. 1890. 1889. 1888. 1887. 1886. 1885. 1884. 1883. 1882.
 1881. 1880. 1879. 1878. 1877. 1876. 1875. 1874. 1873. 1872. 1871. 1870.
 1869. 1868. 1867. 1866. 1865. 1864. 1863. 1862. 1861. 1860. 1859. 1858.
 1857. 1856. 1855. 1854. 1853. 1852. 1851. 1850.]"
40,76.6594,-46.4837,2733.0,"[-34.91 -34.64 -33.8  -36.62 -36.89 -34.82 -36.16 -35.25 -34.23 -32.18
 -31.74 -36.22 -37.06 -34.99 -33.98 -30.77 -32.98 -35.95 -33.53 -33.09
 -33.33 -31.71 -33.16 -35.42 -36.89 -37.19 -35.4  -34.27 -35.19 -36.45
 -33.77 -34.   -35.18 -34.08 -33.82 -32.27 -34.86 -35.8  -33.43 -35.65
 -34.31 -32.68 -32.63 -35.34 -36.62 -35.54 -34.29 -33.29 -34.01 -32.82
 -33.66 -36.18 -35.19 -32.85 -32.6  -33.92 -33.27 -30.77 -31.89 -34.3
 -35.19 -36.49 -35.49 -35.21 -34.42 -36.52 -34.73 -33.45 -32.99 -31.16
 -32.73 -33.14 -32.23 -32.06 -32.91 -34.11 -36.18 -36.04 -34.67 -32.97
 -34.23 -35.56 -36.54 -36.15 -34.08 -34.38 -34.43 -33.91 -36.72 -34.77
 -33.97 -35.37 -34.82 -34.08 -33.63 -34.72 -36.06 -35.56 -33.6  -33.2 ]","[1949. 1948. 1947. 1946. 1945. 1944. 1943. 1942. 1941. 1940. 1939. 1938.
 1937. 1936. 1935. 1934. 1933. 1932. 1931. 1930. 1929. 1928. 1927. 1926.
 1925. 1924. 1923. 1922. 1921. 1920. 1919. 1918. 1917. 1916. 1915. 1914.
 1913. 1912. 1911. 1910. 1909. 1908. 1907. 1906. 1905. 1904. 1903. 1902.
 1901. 1900. 1899. 1898. 1897. 1896. 1895. 1894. 1893. 1892. 1891. 1890.
 1889. 1888. 1887. 1886. 1885. 1884. 1883. 1882. 1881. 1880. 1879. 1878.
 1877. 1876. 1875. 1874. 1873. 1872. 1871. 1870. 1869. 1868. 1867. 1866.
 1865. 1864. 1863. 1862. 1861. 1860. 1859. 1858. 1857. 1856. 1855. 1854.
 1853. 1852. 1851. 1850.]"
41,80.7,-73.1,1730.0,"[-27.43   -26.1602 -25.7667 -26.0266 -26.68   -25.6    -26.2027 -27.0639
 -28.53   -28.8377 -28.4436 -27.74   -27.6595 -28.0853 -28.833  -29.1
 -28.2292 -27.6464 -27.106  -25.78   -26.1147 -26.5091 -27.02   -26.9272
 -26.9    -26.2058 -26.11   -26.858  -26.8896 -26.84   -26.852  -27.41
 -27.4049 -26.91   -27.2297 -27.3489 -27.4742 -27.864  -27.8582 -27.6219
 -27.6946 -26.9854 -26.83   -26.8532 -26.9517 -27.161  -27.55   -27.7414
 -27.472  -27.5064 -28.62   -28.2588 -27.96   -27.6874 -27.7676 -27.98
 -27.6464 -27.478  -26.91   -26.8722 -26.8    -26.5986 -26.49   -25.5425
 -25.5551 -25.72   -26.4912 -26.98   -28.3331 -28.4731 -28.58   -28.2872
 -28.02   -27.4552 -27.3237 -27.56   -27.8428 -28.47   -28.4282 -28.3307
 -27.72   -27.502  -27.3743 -27.4    -27.5176 -27.58   -27.58   -27.2947
 -27.183  -27.35   -27.7558 -27.9748 -28.05   -27.4616 -27.1804 -27.35
 -27.4977 -27.7887 -29.15   -28.8331 -28.6026 -28.28   -28.768  -29.4049
 -29.8271 -29.5383 -29.52   -29.8161 -29.0542 -28.4222 -28.1112 -27.94  ]","[1961. 1960. 1959. 1958. 1957. 1956. 1955. 1954. 1953. 1952. 1951. 1950.
 1949. 1948. 1947. 1946. 1945. 1944. 1943. 1942. 1941. 1940. 1939. 1938.
 1937. 1936. 1935. 1934. 1933. 1932. 1931. 1930. 1929. 1928. 1927. 1926.
 1925. 1924. 1923. 1922. 1921. 1920. 1919. 1918. 1917. 1916. 1915. 1914.
 1913. 1912. 1911. 1910. 1909. 1908. 1907. 1906. 1905. 1904. 1903. 1902.
 1901. 1900. 1899. 1898. 1897. 1896. 1895. 1894. 1893. 1892. 1891. 1890.
 1889. 1888. 1887. 1886. 1885. 1884. 1883. 1882. 1881. 1880. 1879. 1878.
 1877. 1876. 1875. 1874. 1873. 1872. 1871. 1870. 1869. 1868. 1867. 1866.
 1865. 1864. 1863. 1862. 1861. 1860. 1859. 1858. 1857. 1856. 1855. 1854.
 1853. 1852. 1851. 1850.]"
42,80.7,-73.1,1730.0,[-26.7  -27.48 -27.32 -27.54 -28.48],[1940. 1920. 1900. 1880. 1860.]
43,-72.82,159.18,2315.0,"[-34.918922 -35.359005 -36.69656  -35.076145 -34.970657 -37.275314
 -33.81811  -33.885834 -35.117474 -35.317013 -36.33528  -38.246674
 -36.10127  -36.85325  -35.300636 -36.399696 -36.02052  -35.975353
 -36.68457  -36.609627 -35.886227 -36.05589 ]","[1990.838  1986.873  1982.559  1977.919  1972.973  1967.739  1962.234
 1956.4735 1950.4722 1944.2433 1937.799  1931.152  1924.311  1917.287
 1910.09   1902.728  1895.209  1887.215  1878.891  1870.604  1862.356
 1854.117 ]"
44,65.1833,-43.83,,"[-1.198e+00  4.870e-01 -5.270e-01  8.850e-01 -2.681e+00  1.130e+00
  9.940e-01 -5.000e-01  6.500e-02  2.000e-03 -2.400e-02  1.185e+00
 -2.788e+00  9.000e-01 -1.280e-01 -1.848e+00 -2.210e-01 -3.210e-01
 -1.442e+00 -2.100e-02  4.040e-01 -1.291e+00  5.710e-01  5.970e-01
  1.164e+00  7.200e-01 -1.370e-01 -5.860e-01  1.564e+00  1.230e-01
  5.000e-03  1.569e+00 -2.820e-01  1.670e+00 -7.010e-01  3.940e-01
  1.343e+00  1.450e-01 -4.530e-01  2.040e-01  6.850e-01  9.500e-02
  1.570e-01  1.613e+00 -1.100e-02 -4.930e-01 -1.191e+00  2.410e-01
 -6.000e-03  3.251e+00 -1.057e+00  3.900e-02 -2.102e+00 -8.580e-01
  6.290e-01 -1.237e+00 -1.158e+00  1.130e-01  1.182e+00  4.340e-01
 -7.730e-01  1.140e+00  8.970e-01 -1.160e+00 -1.280e-01 -3.410e-01
 -1.778e+00  5.790e-01 -1.350e+00  1.734e+00 -2.900e-01 -5.110e-01
  1.296e+00  2.206e+00 -6.900e-01 -1.850e+00 -1.534e+00 -2.218e+00
 -2.520e-01 -1.850e-01 -2.530e-01 -1.212e+00 -1.231e+00 -1.635e+00
 -6.340e-01  8.000e-01  1.477e+00  9.790e-01 -8.400e-02 -1.050e+00
  6.400e-02  1.777e+00 -3.230e-01 -1.540e-01 -2.420e-01  5.300e-01
  7.940e-01 -5.590e-01  1.384e+00 -7.040e-01 -3.740e-01  7.840e-01
  2.072e+00  1.060e-01  8.800e-02  1.803e+00  1.663e+00  3.383e+00
  1.874e+00  2.440e-01 -1.073e+00 -3.950e-01 -1.700e-01 -1.353e+00
  6.800e-02  6.050e-01 -1.429e+00  1.010e-01  1.920e-01 -3.800e-02
 -7.890e-01]","[1970. 1969. 1968. 1967. 1966. 1965. 1964. 1963. 1962. 1961. 1960. 1959.
 1958. 1957. 1956. 1955. 1954. 1953. 1952. 1951. 1950. 1949. 1948. 1947.
 1946. 1945. 1944. 1943. 1942. 1941. 1940. 1939. 1938. 1937. 1936. 1935.
 1934. 1933. 1932. 1931. 1930. 1929. 1928. 1927. 1926. 1925. 1924. 1923.
 1922. 1921. 1920. 1919. 1918. 1917. 1916. 1915. 1914. 1913. 1912. 1911.
 1910. 1909. 1908. 1907. 1906. 1905. 1904. 1903. 1902. 1901. 1900. 1899.
 1898. 1897. 1896. 1895. 1894. 1893. 1892. 1891. 1890. 1889. 1888. 1887.
 1886. 1885. 1884. 1883. 1882. 1881. 1880. 1879. 1878. 1877. 1876. 1875.
 1874. 1873. 1872. 1871. 1870. 1869. 1868. 1867. 1866. 1865. 1864. 1863.
 1862. 1861. 1860. 1859. 1858. 1857. 1856. 1855. 1854. 1853. 1852. 1851.
 1850.]"
45,65.1833,-43.83,,"[-1.271  1.833 -0.191  0.926  1.4   -1.589 -0.048 -0.209  0.772  0.518
 -3.066 -2.386 -0.479 -2.209  0.218 -2.133 -2.147  1.662 -1.221  0.186
  0.858 -1.878 -0.549 -0.457 -1.025 -0.144 -0.799  0.441  0.66  -0.093
 -1.415 -2.585 -0.165  0.097  0.503  0.939  1.958 -0.013 -1.861  2.859
  0.88  -0.424  0.24   0.968 -0.41  -0.353 -1.775 -0.429  0.581 -0.22
  0.008 -1.843  0.212 -3.504  0.763 -0.412 -1.216 -1.611  1.665 -0.01
 -0.578  0.301 -0.122  1.15  -0.94  -0.521  0.422 -0.787  1.76   0.276
 -0.848  0.776 -0.224  0.743 -0.437  1.216 -1.776 -0.451 -1.526 -0.44
 -0.668  1.536 -1.735 -0.795 -1.352  1.12   1.085  1.316  1.335 -0.368
  0.082 -0.565  0.176  2.844  1.592 -0.307  2.396  0.343  0.394  0.757
  0.298 -0.186  2.21   1.458  0.868  0.171  1.171  3.794  0.634  0.722
  0.51  -1.046  0.364  0.507 -1.479 -0.587 -0.678  0.39  -0.46   0.159
 -2.646]","[1970. 1969. 1968. 1967. 1966. 1965. 1964. 1963. 1962. 1961. 1960. 1959.
 1958. 1957. 1956. 1955. 1954. 1953. 1952. 1951. 1950. 1949. 1948. 1947.
 1946. 1945. 1944. 1943. 1942. 1941. 1940. 1939. 1938. 1937. 1936. 1935.
 1934. 1933. 1932. 1931. 1930. 1929. 1928. 1927. 1926. 1925. 1924. 1923.
 1922. 1921. 1920. 1919. 1918. 1917. 1916. 1915. 1914. 1913. 1912. 1911.
 1910. 1909. 1908. 1907. 1906. 1905. 1904. 1903. 1902. 1901. 1900. 1899.
 1898. 1897. 1896. 1895. 1894. 1893. 1892. 1891. 1890. 1889. 1888. 1887.
 1886. 1885. 1884. 1883. 1882. 1881. 1880. 1879. 1878. 1877. 1876. 1875.
 1874. 1873. 1872. 1871. 1870. 1869. 1868. 1867. 1866. 1865. 1864. 1863.
 1862. 1861. 1860. 1859. 1858. 1857. 1856. 1855. 1854. 1853. 1852. 1851.
 1850.]"
46,-74.88,1.6,2907.0,[-34.3334 -34.599  -35.189  ... -44.0298 -43.2502 -42.8132],[2008.5698 2008.1396 2007.9335 ... 1851.0214 1850.6376 1850.2369]
47,65.1833,-43.83,,"[ 2.277  2.928 -0.886 -0.271  1.715  3.63   2.682  3.092  0.618  2.096
  4.183  1.336 -0.662 -2.041  0.643 -0.506  0.846  3.421 -1.57   0.568
 -0.539 -1.425  2.647  5.455  5.387 -1.803 -0.959 -0.361  3.396  0.766
  5.541  0.967  1.24  -1.732  0.788  2.675  3.906  0.482  2.819 -0.246
 -0.388  3.827 -0.473 -2.741  1.875 -1.588 -2.249  1.42  -2.176 -2.401
 -1.264 -3.102 -2.353  5.574  3.482 -3.439 -1.457 -1.973  1.85  -0.271
 -2.106  2.325 -0.434 -5.378 -5.028 -2.887 -0.371 -1.585 -0.635  0.973
 -4.145 -0.39  -2.485 -0.128  1.045  2.3   -1.262  1.184  0.381 -1.183
 -3.772 -0.478  2.693 -0.261 -0.943 -1.642 -1.481 -2.253 -2.797  1.666
 -0.357  3.038 -1.08  -0.371  2.939  1.464 -2.949  0.304  1.812  2.183
 -1.419 -2.365  0.309 -0.436 -1.077  0.784 -5.969 -4.336 -0.671 -0.276
 -1.009 -0.052 -0.767 -1.937  3.449  0.382 -0.554  3.191  3.038  1.697
  0.373]","[1970. 1969. 1968. 1967. 1966. 1965. 1964. 1963. 1962. 1961. 1960. 1959.
 1958. 1957. 1956. 1955. 1954. 1953. 1952. 1951. 1950. 1949. 1948. 1947.
 1946. 1945. 1944. 1943. 1942. 1941. 1940. 1939. 1938. 1937. 1936. 1935.
 1934. 1933. 1932. 1931. 1930. 1929. 1928. 1927. 1926. 1925. 1924. 1923.
 1922. 1921. 1920. 1919. 1918. 1917. 1916. 1915. 1914. 1913. 1912. 1911.
 1910. 1909. 1908. 1907. 1906. 1905. 1904. 1903. 1902. 1901. 1900. 1899.
 1898. 1897. 1896. 1895. 1894. 1893. 1892. 1891. 1890. 1889. 1888. 1887.
 1886. 1885. 1884. 1883. 1882. 1881. 1880. 1879. 1878. 1877. 1876. 1875.
 1874. 1873. 1872. 1871. 1870. 1869. 1868. 1867. 1866. 1865. 1864. 1863.
 1862. 1861. 1860. 1859. 1858. 1857. 1856. 1855. 1854. 1853. 1852. 1851.
 1850.]"
48,65.1833,-43.83,,"[ 2.028  1.289  1.104 -2.122  0.418  0.398  0.594 -0.51  -0.489  0.944
  0.651  2.653 -0.527 -2.4   -3.199 -1.533  0.111  2.348  1.479  0.146
  2.443 -3.02  -1.298  2.261  1.49   2.626 -1.222 -1.91  -0.009  3.66
  1.84   4.004 -2.526 -1.355  1.092  2.716  3.656  1.441  5.772  2.854
  1.654  3.603  2.095  2.658 -2.241  0.312 -5.176  0.815 -3.3   -4.279
 -0.782  1.407  0.626  0.298  5.395 -0.959 -0.171 -0.693  0.332 -0.649
  0.777  0.957  4.541 -2.433 -1.39  -2.018 -0.623 -2.127  2.658  0.768
 -2.58  -0.643  2.106 -1.321 -0.415  4.018  5.292  2.705 -0.64   0.279
 -0.191  4.261  1.884 -1.721 -0.137 -0.41  -0.791 -1.412 -2.86   0.327
  2.566 -2.705 -1.068 -0.386  1.759 -1.249 -2.271 -1.807  2.68   4.486
  2.167 -1.706 -2.926 -0.813 -3.271 -3.31  -0.518 -3.749 -2.146 -1.863
 -1.659 -0.025 -0.038  1.205 -0.559 -0.224  0.093 -0.327  2.253  0.203
  0.21 ]","[1970. 1969. 1968. 1967. 1966. 1965. 1964. 1963. 1962. 1961. 1960. 1959.
 1958. 1957. 1956. 1955. 1954. 1953. 1952. 1951. 1950. 1949. 1948. 1947.
 1946. 1945. 1944. 1943. 1942. 1941. 1940. 1939. 1938. 1937. 1936. 1935.
 1934. 1933. 1932. 1931. 1930. 1929. 1928. 1927. 1926. 1925. 1924. 1923.
 1922. 1921. 1920. 1919. 1918. 1917. 1916. 1915. 1914. 1913. 1912. 1911.
 1910. 1909. 1908. 1907. 1906. 1905. 1904. 1903. 1902. 1901. 1900. 1899.
 1898. 1897. 1896. 1895. 1894. 1893. 1892. 1891. 1890. 1889. 1888. 1887.
 1886. 1885. 1884. 1883. 1882. 1881. 1880. 1879. 1878. 1877. 1876. 1875.
 1874. 1873. 1872. 1871. 1870. 1869. 1868. 1867. 1866. 1865. 1864. 1863.
 1862. 1861. 1860. 1859. 1858. 1857. 1856. 1855. 1854. 1853. 1852. 1851.
 1850.]"
49,-9.0,-77.5,6048.0,"[-17.83 -12.81 -16.82 -14.63 -18.07 -16.47 -16.24 -18.22 -16.5  -21.2
 -14.6  -16.78 -18.11 -15.37 -17.26 -16.14 -16.94 -19.91 -18.63 -18.52
 -19.78 -18.9  -17.82 -17.67 -13.79 -15.37 -17.77 -15.69 -16.21 -14.02
 -14.96 -18.55 -18.8  -16.91 -16.82 -17.49 -15.08 -14.38 -19.75 -18.56
 -18.55 -18.19 -18.86 -19.76 -19.08 -15.93 -15.94 -14.73 -18.41 -16.94
 -17.31 -19.17 -15.76 -17.18 -15.75 -17.23 -15.5  -15.71 -14.86 -16.15
 -19.24 -20.3  -16.32 -18.67 -17.04 -14.65 -15.38 -17.48 -16.64 -17.99
 -16.58 -21.28 -18.33 -18.02 -18.41 -17.57 -18.92 -17.07 -18.48 -15.79
 -17.99 -17.59 -18.33 -18.41 -15.86 -18.77 -21.37 -17.83 -17.52 -14.53
 -15.93 -21.17 -15.02 -19.54 -16.86 -17.08 -22.63 -20.2  -16.8  -20.23]","[1993. 1992. 1991. 1990. 1989. 1988. 1987. 1986. 1985. 1984. 1983. 1982.
 1981. 1980. 1979. 1978. 1977. 1976. 1975. 1974. 1973. 1972. 1971. 1970.
 1969. 1968. 1967. 1966. 1965. 1964. 1963. 1962. 1961. 1960. 1959. 1958.
 1957. 1956. 1955. 1954. 1953. 1952. 1951. 1950. 1949. 1948. 1947. 1946.
 1945. 1944. 1943. 1942. 1941. 1940. 1939. 1938. 1937. 1936. 1935. 1934.
 1933. 1932. 1931. 1930. 1929. 1928. 1927. 1926. 1925. 1924. 1923. 1922.
 1921. 1920. 1919. 1918. 1917. 1916. 1915. 1914. 1913. 1912. 1911. 1910.
 1909. 1908. 1907. 1906. 1905. 1904. 1903. 1902. 1901. 1900. 1899. 1898.
 1897. 1896. 1895. 1894.]"
50,-9.0,-77.5,6048.0,"[-21.58 -12.18 -16.77 -14.94 -17.58 -16.64 -16.25 -18.69 -14.85 -21.05
 -14.89 -17.34 -17.06 -17.1  -18.23 -14.59 -18.71 -19.31 -19.85 -17.39
 -19.52 -19.88 -18.72 -16.11 -15.58 -15.08 -17.53 -15.73 -15.18 -15.64
 -14.59 -19.58 -17.14 -17.21 -16.56 -18.87 -14.78 -14.82 -18.04 -19.49
 -17.29 -19.9  -17.44 -19.   -19.78 -17.   -15.99 -14.82 -17.2  -18.77
 -16.03 -20.78 -15.74 -15.26 -16.19 -17.78 -15.88 -15.8  -13.54 -16.8
 -18.95 -17.95 -18.27 -16.92 -18.86 -15.73 -15.28 -17.48 -16.26 -17.13
 -16.84 -19.64 -17.75 -17.99 -20.48 -18.77 -17.87 -18.44 -18.18 -17.06
 -17.16 -17.1  -18.96 -17.19 -16.86 -17.84 -19.94 -18.79 -18.72 -13.93
 -16.58 -19.64 -16.3  -19.67 -15.96 -17.47 -22.29 -20.24 -17.99 -18.62]","[1993. 1992. 1991. 1990. 1989. 1988. 1987. 1986. 1985. 1984. 1983. 1982.
 1981. 1980. 1979. 1978. 1977. 1976. 1975. 1974. 1973. 1972. 1971. 1970.
 1969. 1968. 1967. 1966. 1965. 1964. 1963. 1962. 1961. 1960. 1959. 1958.
 1957. 1956. 1955. 1954. 1953. 1952. 1951. 1950. 1949. 1948. 1947. 1946.
 1945. 1944. 1943. 1942. 1941. 1940. 1939. 1938. 1937. 1936. 1935. 1934.
 1933. 1932. 1931. 1930. 1929. 1928. 1927. 1926. 1925. 1924. 1923. 1922.
 1921. 1920. 1919. 1918. 1917. 1916. 1915. 1914. 1913. 1912. 1911. 1910.
 1909. 1908. 1907. 1906. 1905. 1904. 1903. 1902. 1901. 1900. 1899. 1898.
 1897. 1896. 1895. 1894.]"
51,-9.0,-77.5,6048.0,"[-14.91 -14.42 -17.35 -14.79 -18.97 -15.24 -16.59 -18.61 -16.29 -19.81
 -15.6  -17.51 -17.81 -15.1  -17.45 -15.97 -17.25 -19.56 -18.42 -19.22
 -18.6  -19.91 -18.78 -18.03 -15.1  -14.96 -17.85 -15.57 -15.54 -15.09
 -13.96 -18.87 -18.15 -17.26 -17.26 -17.23 -15.56 -14.93 -17.97 -19.58
 -18.79 -19.57 -18.07 -20.06 -19.14 -16.31 -14.92 -14.93 -18.89 -17.18
 -18.03 -18.21 -16.15 -17.27 -16.78 -17.58 -15.98 -16.72 -15.16 -16.89
 -19.6  -19.88 -16.55 -18.95 -17.98 -14.74 -19.38 -17.7  -18.25 -19.72
 -15.6  -19.54 -16.77 -19.09 -19.23 -20.23 -18.91 -17.66 -17.46 -17.54
 -18.2  -16.24 -18.23 -18.27 -15.17 -19.25 -20.35 -19.06 -17.98 -14.49
 -12.77 -20.49 -17.   -18.   -16.77 -15.6  -19.92 -18.81 -15.86 -18.91]","[1993. 1992. 1991. 1990. 1989. 1988. 1987. 1986. 1985. 1984. 1983. 1982.
 1981. 1980. 1979. 1978. 1977. 1976. 1975. 1974. 1973. 1972. 1971. 1970.
 1969. 1968. 1967. 1966. 1965. 1964. 1963. 1962. 1961. 1960. 1959. 1958.
 1957. 1956. 1955. 1954. 1953. 1952. 1951. 1950. 1949. 1948. 1947. 1946.
 1945. 1944. 1943. 1942. 1941. 1940. 1939. 1938. 1937. 1936. 1935. 1934.
 1933. 1932. 1931. 1930. 1929. 1928. 1927. 1926. 1925. 1924. 1923. 1922.
 1921. 1920. 1919. 1918. 1917. 1916. 1915. 1914. 1913. 1912. 1911. 1910.
 1909. 1908. 1907. 1906. 1905. 1904. 1903. 1902. 1901. 1900. 1899. 1898.
 1897. 1896. 1895. 1894.]"
52,-9.0,-77.5,6048.0,[-21.   -23.63 -22.29 ... -22.58 -18.01 -15.83],[1993.5   1993.417 1993.333 ... 1893.667 1893.583 1893.5  ]
53,-9.0,-77.5,6048.0,[-17.38 -17.24],[1950. 1850.]
54,45.9244,7.8675,4200.0,"[-13.6 -15.4 -17.3 -16.6 -16.3 -15.4 -16.1 -16.3 -17.4 -15.6 -15.7 -16.8
 -16.9 -14.4 -14.  -22.1 -12.9 -13.4 -14.7 -15.  -14.8 -15.1 -14.8 -18.7
 -14.8 -14.7 -17.8 -15.6 -14.7 -14.5 -16.  -17.4 -13.5 -13.4 -17.2 -16.6
 -15.5 -17.2 -16.7 -17.3 -15.  -17.6 -18.9 -20.  -15.9 -18.8 -18.5 -20.9
 -19.5 -18.1 -18.6 -16.7 -17.7 -17.3 -16.1 -17.2 -14.2 -16.4]","[1936. 1937. 1938. 1939. 1940. 1941. 1942. 1943. 1944. 1945. 1946. 1947.
 1948. 1949. 1950. 1951. 1952. 1953. 1954. 1955. 1956. 1957. 1958. 1959.
 1960. 1961. 1962. 1963. 1964. 1965. 1966. 1967. 1968. 1970. 1971. 1972.
 1973. 1974. 1975. 1976. 1977. 1978. 1979. 1980. 1981. 1982. 1983. 1984.
 1985. 1986. 1987. 1988. 1989. 1990. 1991. 1992. 1993. 1994.]"
55,70.3,-44.58,2451.0,"[-30.74 -31.29 -31.58 -33.7  -30.86 -31.44 -30.35 -31.14 -29.14 -32.76
 -30.53 -32.38 -30.12 -30.68 -29.6  -31.9  -31.31 -31.6  -30.62 -30.38
 -32.66 -31.34 -32.02 -29.23 -29.23 -32.04 -30.35 -30.8  -31.95 -32.15
 -30.98 -33.31 -30.08 -38.57 -28.98 -32.53 -31.36 -32.93 -30.46 -32.39
 -32.14 -30.86 -34.43 -34.08 -30.59 -32.1  -33.45 -31.39 -33.19 -36.32
 -32.47 -37.24 -33.95 -28.74 -29.44 -34.4  -33.29 -33.22 -31.79 -33.47
 -31.42 -31.11 -34.09 -32.65 -33.05 -34.55 -32.83 -31.21 -32.06 -30.57
 -34.27 -33.88 -34.56 -30.5  -32.07 -30.8  -32.3  -29.12 -33.33 -32.96
 -35.5  -32.54 -28.89 -33.4  -34.32 -35.73 -34.12 -34.68 -35.45 -31.67
 -30.04 -32.88 -31.73 -35.85 -31.04 -31.05 -33.9  -30.4  -32.37 -31.93
 -33.04 -33.02 -35.3  -30.19 -32.91 -32.18 -36.35 -36.04 -33.17 -32.51
 -33.85 -32.82 -31.15 -32.32 -30.28 -33.54 -31.7  -34.4  -30.3  -30.01
 -31.31]","[1970. 1969. 1968. 1967. 1966. 1965. 1964. 1963. 1962. 1961. 1960. 1959.
 1958. 1957. 1956. 1955. 1954. 1953. 1952. 1951. 1950. 1949. 1948. 1947.
 1946. 1945. 1944. 1943. 1942. 1941. 1940. 1939. 1938. 1937. 1936. 1935.
 1934. 1933. 1932. 1931. 1930. 1929. 1928. 1927. 1926. 1925. 1924. 1923.
 1922. 1921. 1920. 1919. 1918. 1917. 1916. 1915. 1914. 1913. 1912. 1911.
 1910. 1909. 1908. 1907. 1906. 1905. 1904. 1903. 1902. 1901. 1900. 1899.
 1898. 1897. 1896. 1895. 1894. 1893. 1892. 1891. 1890. 1889. 1888. 1887.
 1886. 1885. 1884. 1883. 1882. 1881. 1880. 1879. 1878. 1877. 1876. 1875.
 1874. 1873. 1872. 1871. 1870. 1869. 1868. 1867. 1866. 1865. 1864. 1863.
 1862. 1861. 1860. 1859. 1858. 1857. 1856. 1855. 1854. 1853. 1852. 1851.
 1850.]"
56,70.3,-44.58,2451.0,"[-27.2  -28.1  -26.41 -28.13 -26.78 -26.82 -26.04 -26.58 -26.14 -24.03
 -28.86 -26.13 -26.   -28.26 -26.   -27.6  -25.4  -25.4  -25.91 -26.83
 -27.24 -29.18 -27.04 -28.05 -26.01 -26.64 -28.63 -28.95 -25.03 -23.78
 -28.86 -25.81 -28.32 -29.29 -26.47 -26.37 -26.13 -26.58 -24.96 -25.22
 -26.72 -24.94 -23.75 -25.39 -28.8  -27.75 -29.45 -25.26 -28.63 -29.57
 -27.17 -27.22 -29.26 -27.1  -21.66 -26.74 -27.05 -26.39 -25.61 -29.23
 -24.68 -25.29 -25.65 -23.81 -28.22 -26.92 -31.53 -26.07 -21.91 -27.26
 -27.97 -27.19 -25.51 -26.78 -26.05 -23.09 -25.43 -27.11 -25.78 -26.89
 -27.84 -26.57 -26.83 -27.49 -26.93 -27.34 -29.42 -28.4  -26.62 -26.92
 -26.21 -27.51 -26.11 -24.05 -27.22 -28.64 -27.03 -28.3  -25.31 -25.41
 -24.65 -26.37 -28.85 -27.27 -26.28 -28.41 -26.09 -26.29 -30.02 -27.07
 -27.66 -27.15 -28.46 -23.79 -27.36 -28.75 -26.33 -27.03 -25.24 -26.5
 -26.72]","[1970. 1969. 1968. 1967. 1966. 1965. 1964. 1963. 1962. 1961. 1960. 1959.
 1958. 1957. 1956. 1955. 1954. 1953. 1952. 1951. 1950. 1949. 1948. 1947.
 1946. 1945. 1944. 1943. 1942. 1941. 1940. 1939. 1938. 1937. 1936. 1935.
 1934. 1933. 1932. 1931. 1930. 1929. 1928. 1927. 1926. 1925. 1924. 1923.
 1922. 1921. 1920. 1919. 1918. 1917. 1916. 1915. 1914. 1913. 1912. 1911.
 1910. 1909. 1908. 1907. 1906. 1905. 1904. 1903. 1902. 1901. 1900. 1899.
 1898. 1897. 1896. 1895. 1894. 1893. 1892. 1891. 1890. 1889. 1888. 1887.
 1886. 1885. 1884. 1883. 1882. 1881. 1880. 1879. 1878. 1877. 1876. 1875.
 1874. 1873. 1872. 1871. 1870. 1869. 1868. 1867. 1866. 1865. 1864. 1863.
 1862. 1861. 1860. 1859. 1858. 1857. 1856. 1855. 1854. 1853. 1852. 1851.
 1850.]"
57,38.1,96.4,5325.0,"[-10.09 -10.33 -10.39  -9.74  -9.22  -9.43  -9.85  -9.74 -10.86 -10.16
  -9.89 -11.63 -10.   -10.08 -10.56]","[1987. 1980. 1970. 1960. 1950. 1940. 1930. 1920. 1910. 1900. 1890. 1880.
 1870. 1860. 1850.]"
58,46.55,8.07,3900.0,"[-15.25 -14.97 -15.02 -15.89 -17.22 -15.56 -15.52 -16.82 -15.52 -15.47
 -15.91 -16.98 -16.53 -15.9  -17.17 -16.26 -17.04 -15.33 -17.2  -16.99
 -15.86 -16.12 -17.38 -17.03 -17.44 -17.76 -17.47 -15.89 -17.26 -15.59
 -16.59 -15.82 -15.18 -17.67 -16.65 -16.09 -16.19 -16.76 -15.25 -18.09
 -16.64 -15.9  -16.52]","[2002. 2001. 2000. 1999. 1998. 1997. 1996. 1995. 1994. 1993. 1992. 1991.
 1990. 1989. 1988. 1987. 1986. 1985. 1984. 1983. 1982. 1981. 1980. 1979.
 1978. 1977. 1976. 1975. 1974. 1973. 1972. 1971. 1970. 1969. 1968. 1967.
 1966. 1965. 1964. 1963. 1962. 1961. 1960.]"
59,80.7,-73.1,1730.0,[-27.36 -26.99 -27.17 -27.8  -28.49],[1940. 1920. 1900. 1880. 1860.]
60,60.58,-140.58,5340.0,"[-32.7 -32.3 -32.8 -36.9 -34.3 -34.7 -32.  -32.2 -28.3 -30.2 -31.  -34.9
 -33.9 -32.8 -35.1 -33.5 -33.3 -32.6 -36.1 -31.3 -34.4 -31.2 -33.  -31.5
 -32.4 -32.4 -33.4 -31.6 -33.1 -33.5 -31.6 -37.5 -33.5 -33.2 -32.3 -30.9
 -31.2 -32.6 -37.5 -31.7 -32.5 -32.1 -35.3 -32.2 -27.7 -31.5 -33.1 -32.9
 -33.5 -32.8 -32.7 -33.8 -33.1 -31.9 -31.6 -36.1 -32.3 -31.3 -32.6 -34.8
 -32.1 -33.8 -32.8 -33.4 -34.5 -34.9 -33.3 -36.3 -35.6 -35.4 -33.4 -30.6
 -33.6 -34.5 -37.6 -35.8 -32.6 -33.4 -33.5 -33.4 -35.5 -33.5 -29.1 -33.6
 -34.2 -34.9 -38.2 -34.5 -33.5 -35.2 -35.9 -32.6 -33.1 -34.3 -34.1 -34.5
 -31.8 -34.6 -33.9 -31.2 -34.5 -28.  -29.7 -34.2 -33.5 -28.2 -31.9 -35.4
 -33.4 -35.4 -31.8 -32.6 -36.1 -33.  -34.3 -33.8 -35.  -31.6 -34.6 -31.5
 -26.3 -27.9 -32.9 -28.2 -35.8 -34.8 -34.  -34.5 -31.3 -32.2 -31.3 -25.5
 -31.2 -30.7 -33.5 -30.5 -31.1 -33.2]","[1850. 1851. 1852. 1853. 1854. 1855. 1856. 1857. 1858. 1859. 1860. 1861.
 1862. 1863. 1864. 1865. 1866. 1867. 1868. 1869. 1870. 1871. 1872. 1873.
 1874. 1875. 1876. 1877. 1878. 1879. 1880. 1881. 1882. 1883. 1884. 1885.
 1886. 1887. 1888. 1889. 1890. 1891. 1892. 1893. 1894. 1895. 1896. 1897.
 1898. 1899. 1900. 1901. 1902. 1903. 1904. 1905. 1906. 1907. 1908. 1909.
 1910. 1911. 1912. 1913. 1914. 1915. 1916. 1917. 1918. 1919. 1920. 1921.
 1922. 1923. 1924. 1925. 1926. 1927. 1928. 1929. 1930. 1931. 1932. 1933.
 1934. 1935. 1936. 1937. 1938. 1939. 1940. 1941. 1942. 1943. 1944. 1945.
 1946. 1947. 1948. 1949. 1950. 1951. 1952. 1953. 1954. 1955. 1956. 1957.
 1958. 1959. 1960. 1961. 1962. 1963. 1964. 1965. 1966. 1967. 1968. 1969.
 1970. 1971. 1972. 1973. 1974. 1975. 1976. 1977. 1978. 1979. 1980. 1981.
 1982. 1983. 1984. 1985. 1986. 1987.]"
61,67.25,-66.75,1900.0,[-24.3414 -24.2922 -23.686  -23.8947 -24.2954 -24.2424],[1855. 1880. 1905. 1930. 1955. 1980.]
62,43.05,94.32,4512.0,"[ -8.89  -9.81  -9.87  -8.93  -8.52  -8.52  -9.36  -8.96  -8.63  -9.3
 -10.31  -9.9  -10.22  -9.74  -9.2  -10.28 -11.17 -13.04  -9.    -9.93
  -9.09  -8.7   -7.54  -7.67  -9.03  -8.58  -9.55 -12.95 -12.55 -11.69
 -12.42 -11.97 -10.89  -9.5   -9.84  -9.29  -9.36 -10.12  -9.23  -9.99
  -9.16  -8.87  -8.87  -8.96  -8.79  -8.77 -10.85  -9.84 -10.48  -9.78
 -10.3  -10.6  -10.97  -9.58  -9.36  -9.25 -11.6  -11.25 -10.06  -7.71
  -7.59  -8.59 -10.21 -10.38  -9.94  -8.65  -9.87  -9.25  -7.88  -9.39
  -6.84  -7.36  -7.91  -7.37  -7.88  -8.38  -8.91  -9.29 -10.72 -11.17
 -10.41 -10.28 -10.79  -8.44  -8.79  -9.86  -9.74  -9.64  -9.41  -9.32
 -10.01  -9.85 -11.36 -10.64 -10.7  -10.73  -8.92  -8.44  -9.18  -9.6
 -11.98 -11.76 -11.41 -11.96 -10.77 -10.04  -9.87  -9.46  -9.36  -8.59
  -9.86  -9.7   -8.53  -7.74  -7.78  -8.49  -9.04  -8.5   -9.23  -8.82
  -8.48  -9.18  -9.73  -9.08  -9.01  -9.05 -10.39  -9.22  -8.99 -10.57
 -11.29 -10.75 -10.22  -9.99  -9.4   -9.65  -9.89  -9.28  -9.78  -9.87
 -10.55 -10.5   -9.59  -9.08  -8.59  -9.5   -8.31  -8.55  -8.77  -9.16
  -9.53  -9.26  -8.98  -8.2   -9.11 -10.12  -9.03  -9.22  -9.22  -9.94
  -8.4   -8.35  -8.1   -8.44  -8.79  -9.83  -9.64  -9.69  -9.69  -9.23
  -8.95  -8.87  -8.86  -9.25 -10.02 -10.12  -9.6   -9.42  -8.41  -9.16
  -8.96  -9.54  -9.81  -9.26  -9.99  -9.6   -9.26  -9.23  -8.97  -9.04
  -8.97  -8.83  -8.86  -9.11  -9.25  -9.14  -8.63  -8.66  -8.34  -8.95
  -9.16  -8.56  -9.    -8.4   -8.82 -13.63 -13.44 -10.96  -9.67  -9.05
  -9.55  -9.28  -9.72 -10.03  -9.12 -10.11  -9.61  -9.08  -9.07  -9.33
  -9.5   -9.23  -9.66  -9.65  -9.45 -10.4  -10.09 -10.37  -9.99  -9.29
  -9.41  -9.49  -9.2   -8.73  -9.67  -9.79 -11.13 -11.12  -9.74 -10.76
 -10.58 -10.32 -10.18  -9.81  -8.44  -9.2   -9.4   -9.69 -10.47 -10.05
 -10.28  -8.99  -8.87  -8.33  -8.05  -8.57  -8.53  -8.41  -8.94  -8.34
  -9.56 -10.74 -11.36 -11.06 -10.76 -11.06  -9.96  -9.74  -9.05  -7.73
  -7.95  -7.35  -6.66  -9.15  -9.58 -11.02  -8.59  -7.57  -8.04  -8.88
  -8.5   -8.76  -8.33  -9.41  -9.95 -10.97 -11.82 -10.09  -8.92  -7.52
  -7.96  -8.1   -9.2   -8.38  -8.15  -8.63  -7.79  -8.68  -8.87  -8.59
  -8.64 -10.46 -11.11 -10.11  -8.89  -8.1   -8.03  -8.79  -9.05  -9.2
  -9.55  -7.46  -8.01  -8.96  -8.33 -10.06  -8.54  -9.39  -8.86  -9.23
 -10.18  -8.95  -9.21  -8.99  -8.32  -9.48]","[2004.67 2004.37 2004.08 2003.83 2003.58 2003.32 2003.08 2002.83 2002.58
 2002.33 2002.08 2001.96 2001.83 2001.71 2001.58 2001.42 2001.25 2001.08
 2000.58 2000.08 1999.92 1999.75 1999.58 1999.33 1999.08 1998.58 1998.28
 1998.08 1998.03 1997.97 1997.9  1997.84 1997.77 1997.71 1997.64 1997.58
 1997.33 1997.08 1996.58 1996.08 1995.83 1995.58 1995.33 1995.08 1994.28
 1993.58 1993.08 1992.95 1992.83 1992.7  1992.35 1992.21 1992.08 1991.95
 1991.7  1991.58 1991.08 1990.96 1990.83 1990.71 1990.58 1990.42 1990.25
 1990.08 1989.83 1989.58 1989.08 1988.83 1988.58 1988.08 1987.58 1987.52
 1987.47 1987.41 1987.36 1987.3  1987.25 1987.19 1987.14 1987.08 1986.83
 1986.58 1986.08 1985.83 1985.58 1985.08 1984.95 1984.83 1984.7  1984.58
 1984.41 1984.24 1984.08 1983.98 1983.88 1983.78 1983.68 1983.58 1983.42
 1983.25 1983.08 1982.83 1982.58 1982.08 1981.98 1981.9  1981.81 1981.73
 1981.66 1981.58 1981.08 1980.91 1980.74 1980.58 1980.48 1980.38 1980.28
 1980.18 1980.08 1979.83 1979.58 1979.49 1979.4  1979.32 1979.24 1979.16
 1979.08 1978.83 1978.58 1978.33 1978.08 1978.   1977.93 1977.86 1977.79
 1977.72 1977.65 1977.58 1977.42 1977.25 1977.08 1977.   1976.91 1976.83
 1976.75 1976.66 1976.58 1976.46 1976.33 1976.21 1976.08 1975.92 1975.75
 1975.58 1975.33 1975.08 1974.58 1974.42 1974.25 1974.08 1973.92 1973.75
 1973.58 1973.42 1973.25 1973.08 1973.   1972.93 1972.86 1972.79 1972.72
 1972.65 1972.58 1972.48 1972.38 1972.28 1972.18 1972.08 1971.58 1971.5
 1971.41 1971.33 1971.25 1971.16 1971.08 1971.   1970.91 1970.83 1970.75
 1970.66 1970.58 1970.46 1970.33 1970.21 1970.08 1969.96 1969.83 1969.71
 1969.58 1969.5  1969.43 1969.36 1969.29 1969.22 1969.15 1969.08 1968.96
 1968.83 1968.71 1968.58 1968.46 1968.33 1968.21 1968.08 1967.58 1967.08
 1966.92 1966.75 1966.58 1966.46 1966.33 1966.21 1966.08 1965.83 1965.58
 1965.42 1965.25 1965.08 1965.   1964.91 1964.83 1964.75 1964.66 1964.58
 1964.42 1964.25 1964.08 1963.83 1963.58 1963.08 1962.98 1962.88 1962.78
 1962.68 1962.58 1962.46 1962.33 1962.21 1962.08 1962.   1961.91 1961.83
 1961.75 1961.66 1961.58 1961.52 1961.46 1961.4  1961.33 1961.27 1961.21
 1961.14 1961.08 1961.03 1960.98 1960.93 1960.88 1960.83 1960.78 1960.73
 1960.68 1960.63 1960.58 1960.42 1960.25 1960.08 1959.83 1959.58 1959.52
 1959.47 1959.41 1959.36 1959.3  1959.25 1959.19 1959.14 1959.08 1958.9
 1958.74 1958.58 1958.42 1958.25 1958.08 1957.96 1957.83 1957.71 1957.58
 1957.5  1957.41 1957.33 1957.25 1957.16 1957.08 1956.96 1956.83 1956.71
 1956.58 1956.46 1956.33 1956.21 1956.08 1955.58 1955.45 1955.33 1955.2
 1955.08 1954.58 1954.45 1954.33 1954.2  1954.08 1953.95 1953.83 1953.7
 1953.58 1953.3 ]"
63,-84.0,43.0,3330.0,"[-53.85     -54.38354  -54.58971  -56.246605 -54.53449  -55.29418
 -51.87163  -52.394505 -55.83737  -57.122246 -54.845875 -56.725025
 -56.991154 -56.355835 -54.871967 -55.055668 -54.83099  -54.38783
 -53.947292 -54.15811  -54.32483  -56.377934 -57.204308 -55.68049
 -55.32304  -52.969917 -52.26717  -52.51971  -52.428352 -54.16697
 -56.878983 -56.855316 -53.1425   -51.849926 -53.448837 -56.908096
 -57.817158 -55.572327 -52.229652 -54.49596  -56.102295 -56.71973
 -57.14705  -57.561665 -56.745594 -54.37422  -51.732304 -50.943523
 -54.330257 -55.60539  -54.673965 -52.64016  -51.60241  -54.22229
 -56.427906 -57.92582  -58.203445 -57.00344  -54.70251  -53.365578
 -53.880505 -55.389866 -56.373394 -54.9952   -53.505062 -51.78006
 -50.27084  -54.257053 -54.6265   -51.526947 -52.235317 -54.114502
 -54.99265  -56.600857 -56.80249  -55.394917 -55.266094 -53.154964
 -51.162865 -49.659267 -50.92341  -53.810795 -56.27081  -56.479042
 -55.503418 -55.657814 -57.190445 -55.071636 -53.901234 -55.74192
 -55.371357 -52.400013 -50.70165  -52.6509   -54.193108 -54.881535
 -54.995728 -54.764484 -54.747982 -54.72426  -52.769466 -50.63422
 -52.546898 -53.15847  -54.477345 -54.37701  -54.71     -54.947327
 -55.520065 -55.273617 -53.091457 -51.47479  -52.790703 -55.52528
 -57.346497 -57.92626  -56.5463   -53.666183 -54.080414 -55.66323
 -52.923767 -52.6263   -53.422108 -54.07907  -54.593803 -55.076176
 -55.74575  -56.046314 -56.805737 -55.744705 -53.866013 -55.510155
 -58.905247 -59.25626  -58.066963 -56.80629  -57.394215]","[1986. 1985. 1984. 1983. 1982. 1981. 1980. 1979. 1978. 1977. 1976. 1975.
 1974. 1973. 1972. 1971. 1970. 1969. 1968. 1967. 1966. 1965. 1964. 1963.
 1962. 1961. 1960. 1959. 1958. 1957. 1956. 1955. 1954. 1953. 1952. 1951.
 1950. 1949. 1948. 1947. 1946. 1945. 1944. 1943. 1942. 1941. 1940. 1939.
 1938. 1937. 1936. 1935. 1934. 1933. 1932. 1931. 1930. 1929. 1928. 1927.
 1926. 1925. 1924. 1923. 1922. 1921. 1920. 1919. 1918. 1917. 1916. 1915.
 1914. 1913. 1912. 1911. 1910. 1909. 1908. 1907. 1906. 1905. 1904. 1903.
 1902. 1901. 1900. 1899. 1898. 1897. 1896. 1895. 1894. 1893. 1892. 1891.
 1890. 1889. 1888. 1887. 1886. 1885. 1884. 1883. 1882. 1881. 1880. 1879.
 1878. 1877. 1876. 1875. 1874. 1873. 1872. 1871. 1870. 1869. 1868. 1867.
 1866. 1865. 1864. 1863. 1862. 1861. 1860. 1859. 1858. 1857. 1856. 1855.
 1854. 1853. 1852. 1851. 1850.]"
64,71.76,-35.85,3087.0,"[-36.68 -39.01 -41.85 -37.78 -38.41 -36.98 -37.4  -38.35 -37.82 -36.42
 -37.53 -37.05 -41.77 -40.26 -38.03 -40.12 -38.6  -38.69 -42.14 -37.87
 -38.13 -41.37 -35.8  -36.61 -33.88 -37.13 -41.15 -36.84 -36.84 -39.26
 -34.74 -37.18 -37.24 -36.79 -38.89 -34.55 -34.89 -40.1  -36.79 -39.01
 -38.98 -35.45 -38.37 -37.57 -35.98 -37.66 -41.33 -38.83 -37.65 -39.22
 -37.08 -38.42 -40.76 -35.68 -34.74 -41.13 -39.35 -41.2  -35.99 -38.82
 -41.71 -36.48 -38.45 -40.9  -40.49 -38.63 -40.08 -40.97 -41.   -38.19
 -41.65 -38.19 -37.53 -38.53 -37.4  -38.42 -38.64 -34.6  -39.57 -39.41
 -41.33 -39.2  -41.16 -40.5  -35.78 -35.32 -36.6  -38.03 -36.62 -37.68
 -38.14 -33.63 -38.17 -36.73 -36.44 -38.39 -39.15 -37.42 -37.04 -37.7
 -41.67 -41.56 -36.83 -37.21 -41.59 -38.81 -39.22 -37.14 -38.32 -38.18
 -40.71 -39.78 -38.2  -39.8  -39.11 -38.4  -40.59 -36.26 -36.83 -37.37
 -37.04]","[1970. 1969. 1968. 1967. 1966. 1965. 1964. 1963. 1962. 1961. 1960. 1959.
 1958. 1957. 1956. 1955. 1954. 1953. 1952. 1951. 1950. 1949. 1948. 1947.
 1946. 1945. 1944. 1943. 1942. 1941. 1940. 1939. 1938. 1937. 1936. 1935.
 1934. 1933. 1932. 1931. 1930. 1929. 1928. 1927. 1926. 1925. 1924. 1923.
 1922. 1921. 1920. 1919. 1918. 1917. 1916. 1915. 1914. 1913. 1912. 1911.
 1910. 1909. 1908. 1907. 1906. 1905. 1904. 1903. 1902. 1901. 1900. 1899.
 1898. 1897. 1896. 1895. 1894. 1893. 1892. 1891. 1890. 1889. 1888. 1887.
 1886. 1885. 1884. 1883. 1882. 1881. 1880. 1879. 1878. 1877. 1876. 1875.
 1874. 1873. 1872. 1871. 1870. 1869. 1868. 1867. 1866. 1865. 1864. 1863.
 1862. 1861. 1860. 1859. 1858. 1857. 1856. 1855. 1854. 1853. 1852. 1851.
 1850.]"
65,71.76,-35.85,3087.0,"[-26.92 -30.03 -31.69 -33.58 -32.62 -32.71 -32.96 -33.11 -30.88 -33.48
 -33.22 -32.62 -30.73 -35.95 -36.08 -35.72 -34.24 -27.17 -35.64 -32.35
 -31.58 -37.37 -34.49 -29.11 -31.66 -31.24 -33.07 -31.94 -33.87 -29.87
 -30.53 -32.82 -32.61 -32.4  -32.82 -30.25 -29.53 -28.81 -31.88 -30.
 -30.94 -32.27 -33.14 -28.4  -32.97 -33.98 -34.42 -30.02 -30.62 -35.92
 -33.22 -33.28 -31.65 -31.66 -27.83 -34.55 -33.42 -31.5  -30.46 -33.18
 -31.35 -33.24 -28.1  -32.57 -33.23 -31.77 -32.06 -32.72 -29.16 -31.47
 -34.32 -31.59 -30.7  -32.59 -32.58 -26.78 -27.89 -28.41 -33.55 -33.23
 -34.58 -29.2  -31.76 -35.53 -35.06 -29.7  -31.05 -33.03 -34.76 -31.07
 -32.35 -33.96 -32.82 -35.56 -31.98 -32.72 -32.36 -32.21 -33.8  -31.11
 -30.39 -35.51 -31.06 -30.23 -33.87 -32.34 -31.57 -34.25 -32.32 -31.41
 -30.75 -32.55 -29.59 -29.98 -30.15 -31.51 -32.27 -31.18 -29.76 -32.49
 -33.8 ]","[1970. 1969. 1968. 1967. 1966. 1965. 1964. 1963. 1962. 1961. 1960. 1959.
 1958. 1957. 1956. 1955. 1954. 1953. 1952. 1951. 1950. 1949. 1948. 1947.
 1946. 1945. 1944. 1943. 1942. 1941. 1940. 1939. 1938. 1937. 1936. 1935.
 1934. 1933. 1932. 1931. 1930. 1929. 1928. 1927. 1926. 1925. 1924. 1923.
 1922. 1921. 1920. 1919. 1918. 1917. 1916. 1915. 1914. 1913. 1912. 1911.
 1910. 1909. 1908. 1907. 1906. 1905. 1904. 1903. 1902. 1901. 1900. 1899.
 1898. 1897. 1896. 1895. 1894. 1893. 1892. 1891. 1890. 1889. 1888. 1887.
 1886. 1885. 1884. 1883. 1882. 1881. 1880. 1879. 1878. 1877. 1876. 1875.
 1874. 1873. 1872. 1871. 1870. 1869. 1868. 1867. 1866. 1865. 1864. 1863.
 1862. 1861. 1860. 1859. 1858. 1857. 1856. 1855. 1854. 1853. 1852. 1851.
 1850.]"
66,49.8067,86.56,4062.0,"[-14.67 -13.39 -13.67 -13.21 -12.38 -12.98 -13.42 -13.56 -13.58 -12.43
 -12.69 -12.6  -11.95]","[1855. 1865. 1875. 1885. 1895. 1905. 1915. 1925. 1935. 1945. 1955. 1965.
 1975.]"
67,35.81,90.76,5680.0,"[-11.137463  -11.218654  -12.033886  -12.710052  -10.836065  -12.626953
 -13.173121  -13.850641  -11.962696  -11.755574  -10.697645  -11.611809
 -13.268571  -13.624495  -12.892584  -13.728583  -12.562023  -12.783973
 -13.696393  -11.9649105 -13.686486  -11.27845   -13.90974    -8.23051
 -10.032834  -10.541433   -9.667814   -7.175129   -9.131224   -8.945375
 -11.061108  -12.5820465 -10.133413   -9.260658  -12.3621    -12.917423
 -12.130236  -10.466056  -10.471535  -11.110392  -10.654      -9.478
 -10.914     -10.383      -9.338      -9.937      -9.492      -9.452
  -9.655     -11.759     -12.766     -12.909626  -12.3762    -11.770215
 -11.715455  -14.674825  -11.310447  -10.601692  -10.615072  -10.296623
 -10.386279  -11.36487    -9.803425   -9.424587  -11.54008   -13.064775
 -12.022718  -15.065126  -13.320358  -12.854498  -14.660829  -15.407804
 -14.288976  -12.654399  -14.150715  -12.879877  -12.6074095 -12.60313
 -12.532567  -11.552807  -12.286497  -13.3143425 -12.6379795 -12.667929
 -13.269081  -12.751142  -14.088748  -13.385363  -12.783103  -13.063693
 -14.3962965 -14.220458  -15.232957  -14.085172  -12.407574  -12.51109
 -14.107369  -15.673756  -15.983149  -14.273026  -13.234999  -12.637587
 -16.43868   -17.290533  -18.269657  -22.099743  -21.080284  -16.523846
 -13.935235  -12.829671  -14.732625  -16.692408  -14.908507  -14.154706
 -14.534155  -15.261298  -14.88731   -14.701473  -14.409842  -15.364878
 -15.536231  -15.552531  -15.220434  -15.069128  -15.610025  -15.761163
 -15.213675  -15.293344  -15.687774  -15.348475  -15.452916  -15.429126
 -15.261751  -15.37765   -15.300772  -15.055982  -14.530173  -14.936688
 -15.781837  -16.13676   -16.250757  -15.399442  -15.945073  -15.625842
 -16.280987  -15.994444  -15.621411  -15.66154   -16.065588  -15.577764 ]","[1999. 1998. 1997. 1996. 1995. 1994. 1993. 1992. 1991. 1990. 1989. 1988.
 1987. 1986. 1985. 1984. 1983. 1982. 1981. 1980. 1979. 1978. 1977. 1976.
 1975. 1974. 1973. 1972. 1971. 1970. 1969. 1968. 1967. 1966. 1965. 1964.
 1963. 1962. 1961. 1960. 1959. 1958. 1957. 1956. 1955. 1954. 1953. 1952.
 1951. 1950. 1949. 1948. 1947. 1946. 1945. 1944. 1943. 1942. 1941. 1940.
 1939. 1938. 1937. 1936. 1935. 1934. 1933. 1932. 1931. 1930. 1929. 1928.
 1927. 1926. 1925. 1924. 1923. 1922. 1921. 1920. 1919. 1918. 1917. 1916.
 1915. 1914. 1913. 1912. 1911. 1910. 1909. 1908. 1907. 1906. 1905. 1904.
 1903. 1902. 1901. 1900. 1899. 1898. 1897. 1896. 1895. 1894. 1893. 1892.
 1891. 1890. 1889. 1888. 1887. 1886. 1885. 1884. 1883. 1882. 1881. 1880.
 1879. 1878. 1877. 1876. 1875. 1874. 1873. 1872. 1871. 1870. 1869. 1868.
 1867. 1866. 1865. 1864. 1863. 1862. 1861. 1860. 1859. 1858. 1857. 1856.
 1855. 1854. 1853. 1852. 1851. 1850.]"
68,80.7,-73.1,1700.0,[-27.67 -28.   -28.79 -27.91 -28.49],[1940. 1920. 1900. 1880. 1860.]
69,-70.25,4.82,63.0,"[-14.45 -17.33 -21.14 -18.3  -17.51 -19.1  -22.06 -22.07 -21.86 -19.77
 -23.63 -19.33 -22.56 -22.99 -22.75 -20.82 -21.95 -20.53 -18.81 -18.4
 -17.13 -20.17 -21.93 -18.31 -19.93 -19.34 -20.52 -20.04 -20.03 -21.08
 -19.68 -24.57 -22.09 -24.41 -21.43 -23.48 -21.5  -20.07 -20.97 -19.87
 -19.6 ]","[1996. 1995. 1994. 1993. 1992. 1991. 1990. 1989. 1988. 1987. 1986. 1985.
 1984. 1983. 1982. 1981. 1980. 1979. 1978. 1977. 1976. 1975. 1974. 1973.
 1972. 1971. 1970. 1969. 1968. 1967. 1966. 1965. 1964. 1963. 1962. 1961.
 1960. 1959. 1958. 1957. 1956.]"
70,-71.34,11.59,1300.0,[-29.11342 -27.74891 -30.06349 ... -30.10066 -29.88801 -29.6627 ],[2006.   2005.8  2005.6  ... 1903.   1902.93 1902.86]
71,-75.25,-6.0,3160.0,"[-44.3  -45.56 -42.12 -41.62 -42.35 -43.74 -45.33 -42.96 -41.56 -42.84
 -43.77 -43.44 -42.86 -42.48 -43.63 -42.77 -40.79 -41.36 -41.27 -38.72
 -39.9  -42.7  -43.35 -44.51 -41.97 -39.68 -41.76 -40.92 -40.92 -40.04
 -40.76 -41.6  -41.92 -42.85 -42.96 -42.29 -43.46 -43.25 -42.11 -42.42
 -43.14 -42.66 -42.11 -43.1  -42.72 -42.58 -43.04 -42.91 -42.99 -43.64
 -43.71 -43.53 -43.4  -42.31 -42.03 -42.37 -43.19 -44.73 -44.87 -44.68
 -44.77 -43.95 -44.26 -43.14 -42.91 -43.28 -43.46 -42.36 -41.04 -41.14
 -42.82 -44.7  -44.09 -43.65 -44.03 -43.21 -43.24 -43.5  -42.42 -42.25
 -41.37 -42.6  -41.64 -41.5  -41.28 -42.07 -43.3  -44.1  -41.75 -40.05
 -40.58 -44.   -45.61 -44.45 -45.44 -44.69 -41.68 -41.17 -41.82 -42.07
 -42.89 -41.95 -41.39 -42.75 -43.73 -45.2  -46.1  -44.75 -44.22 -43.41
 -43.45 -44.11 -43.63 -41.73 -40.06 -40.11 -40.95 -42.8  -44.6  -46.82
 -47.49 -46.39 -44.64 -42.96 -42.15 -41.53 -41.55 -41.95 -41.91 -42.81
 -44.23 -43.46 -42.04 -41.67 -42.73 -43.29 -43.45 -43.86 -44.06 -43.62
 -43.47 -43.09 -42.94 -43.44 -43.43 -42.46 -41.06]","[1996. 1995. 1994. 1993. 1992. 1991. 1990. 1989. 1988. 1987. 1986. 1985.
 1984. 1983. 1982. 1981. 1980. 1979. 1978. 1977. 1976. 1975. 1974. 1973.
 1972. 1971. 1970. 1969. 1968. 1967. 1966. 1965. 1964. 1963. 1962. 1961.
 1960. 1959. 1958. 1957. 1956. 1955. 1954. 1953. 1952. 1951. 1950. 1949.
 1948. 1947. 1946. 1945. 1944. 1943. 1942. 1941. 1940. 1939. 1938. 1937.
 1936. 1935. 1934. 1933. 1932. 1931. 1930. 1929. 1928. 1927. 1926. 1925.
 1924. 1923. 1922. 1921. 1920. 1919. 1918. 1917. 1916. 1915. 1914. 1913.
 1912. 1911. 1910. 1909. 1908. 1907. 1906. 1905. 1904. 1903. 1902. 1901.
 1900. 1899. 1898. 1897. 1896. 1895. 1894. 1893. 1892. 1891. 1890. 1889.
 1888. 1887. 1886. 1885. 1884. 1883. 1882. 1881. 1880. 1879. 1878. 1877.
 1876. 1875. 1874. 1873. 1872. 1871. 1870. 1869. 1868. 1867. 1866. 1865.
 1864. 1863. 1862. 1861. 1860. 1859. 1858. 1857. 1856. 1855. 1854. 1853.
 1852. 1851. 1850.]"
72,76.0,-46.0,,"[ 0.8  0.7 -0.1 -0.2 -0.1  0.3  0.3  0.9  0.   0.6  0.  -0.4 -0.4 -0.1
 -0.6  0.3  0.1  0.1  0.9  0.4  0.3  0.   0.4  0.5 -0.1  0.2  0.4  0.1
  0.6  0.6  0.1  0.1  0.3  0.3  0.3 -0.1  0.2  0.1  0.5  0.9  0.5  0.5
  0.3  0.5 -0.1 -0.5 -0.3 -0.2 -0.3  0.  -0.2 -0.4 -0.1  0.1  0.7  0.6
  0.6  0.6  0.5  0.8  0.9  0.7  0.7  1.3  1.3  1.2  1.7  1.6  0.7  0.1
 -0.1  0.2  0.  -0.6 -0.7 -0.3 -0.8 -0.8  0.5  1.   0.1 -0.2  0.2  0.4
  0.1  0.4  0.4  0.3 -0.2 -0.4 -0.2  0.8  0.7  0.6  0.6  0.5 -0.2 -0.5
  0.1  0.5  0.3  0.7  1.1  1.1  0.7  0.2 -0.1 -0.3 -0.2  0.  -0.2 -0.1
  0.1  0.4  0.7  0.7  1.1  1.1  0.9  0.9  0.7  0.4  0.1  0.3  0.5  0.5
 -0.2 -0.9 -0.6 -0.3  0.  -0.1 -0.5 -0.6  0.1  0.2  0.4  0.2  0.2  0.1
 -0.2 -0.1  0.   0.6  0.6]","[1994. 1993. 1992. 1991. 1990. 1989. 1988. 1987. 1986. 1985. 1984. 1983.
 1982. 1981. 1980. 1979. 1978. 1977. 1976. 1975. 1974. 1973. 1972. 1971.
 1970. 1969. 1968. 1967. 1966. 1965. 1964. 1963. 1962. 1961. 1960. 1959.
 1958. 1957. 1956. 1955. 1954. 1953. 1952. 1951. 1950. 1949. 1948. 1947.
 1946. 1945. 1944. 1943. 1942. 1941. 1940. 1939. 1938. 1937. 1936. 1935.
 1934. 1933. 1932. 1931. 1930. 1929. 1928. 1927. 1926. 1925. 1924. 1923.
 1922. 1921. 1920. 1919. 1918. 1917. 1916. 1915. 1914. 1913. 1912. 1911.
 1910. 1909. 1908. 1907. 1906. 1905. 1904. 1903. 1902. 1901. 1900. 1899.
 1898. 1897. 1896. 1895. 1894. 1893. 1892. 1891. 1890. 1889. 1888. 1887.
 1886. 1885. 1884. 1883. 1882. 1881. 1880. 1879. 1878. 1877. 1876. 1875.
 1874. 1873. 1872. 1871. 1870. 1869. 1868. 1867. 1866. 1865. 1864. 1863.
 1862. 1861. 1860. 1859. 1858. 1857. 1856. 1855. 1854. 1853. 1852. 1851.
 1850.]"
73,-70.68,-64.87,2002.0,"[-26.33 -26.67 -25.76 -23.7  -24.11 -23.81 -24.56 -24.39 -25.18 -24.55
 -24.69 -24.63 -24.64 -25.78 -24.95 -25.05 -23.7  -24.05 -24.99 -25.3
 -25.62 -24.86 -26.55 -25.64 -25.24 -26.25 -24.56 -26.78 -24.79 -25.85
 -24.71 -25.08 -25.88 -24.76 -25.66 -26.34 -24.78 -25.58 -26.91 -26.47
 -26.21 -25.78 -24.2  -25.17 -24.39 -25.42 -25.38 -23.21 -25.07 -25.86
 -24.5  -24.39 -25.22 -26.02 -26.17 -26.04 -27.61 -25.64 -27.43 -25.83
 -25.88 -26.66 -25.63 -26.81 -26.06 -25.78 -26.21 -25.78 -25.07 -24.83
 -25.56 -25.88 -24.13 -25.66 -26.71 -26.45 -25.64 -26.47 -24.43 -26.3
 -25.72 -27.06 -26.93 -25.48 -25.67 -27.1  -24.94 -25.24 -26.02 -26.14
 -26.85 -26.63 -26.36 -25.52 -24.27 -25.6  -25.86 -25.84 -24.35 -25.13
 -25.53 -25.07 -25.03 -25.44 -26.15 -26.9  -26.3  -27.02 -26.22 -24.96
 -25.01 -24.29 -24.82 -24.8  -25.25 -26.42 -26.39 -26.33 -25.81 -26.49
 -25.61 -25.18 -26.27 -25.02 -25.88 -26.95 -25.37 -26.33 -27.45 -26.88
 -27.33 -25.57 -23.97 -24.8  -26.16 -26.59 -26.72 -25.85 -27.12]","[1988. 1987. 1986. 1985. 1984. 1983. 1982. 1981. 1980. 1979. 1978. 1977.
 1976. 1975. 1974. 1973. 1972. 1971. 1970. 1969. 1968. 1967. 1966. 1965.
 1964. 1963. 1962. 1961. 1960. 1959. 1958. 1957. 1956. 1955. 1954. 1953.
 1952. 1951. 1950. 1949. 1948. 1947. 1946. 1945. 1944. 1943. 1942. 1941.
 1940. 1939. 1938. 1937. 1936. 1935. 1934. 1933. 1932. 1931. 1930. 1929.
 1928. 1927. 1926. 1925. 1924. 1923. 1922. 1921. 1920. 1919. 1918. 1917.
 1916. 1915. 1914. 1913. 1912. 1911. 1910. 1909. 1908. 1907. 1906. 1905.
 1904. 1903. 1902. 1901. 1900. 1899. 1898. 1897. 1896. 1895. 1894. 1893.
 1892. 1891. 1890. 1889. 1888. 1887. 1886. 1885. 1884. 1883. 1882. 1881.
 1880. 1879. 1878. 1877. 1876. 1875. 1874. 1873. 1872. 1871. 1870. 1869.
 1868. 1867. 1866. 1865. 1864. 1863. 1862. 1861. 1860. 1859. 1858. 1857.
 1856. 1855. 1854. 1853. 1852. 1851. 1850.]"
74,-3.08,37.35,5893.0,"[ -7.52  -7.57  -7.83  -7.48  -8.05  -7.62  -7.7   -8.15 -10.38  -8.53
  -8.27]",[1950. 1940. 1930. 1920. 1910. 1900. 1890. 1880. 1870. 1860. 1850.]
75,73.9402,-37.6299,3040.0,"[-39.61 -38.05 -37.16 -37.09 -35.93 -35.63 -35.23 -36.29 -35.74 -35.86
 -36.03 -37.47 -38.98 -38.47 -36.49 -36.72 -37.67 -36.69 -35.62 -37.26
 -37.49 -35.38 -34.87 -36.01 -37.87 -37.72 -37.6  -36.26 -35.76 -36.37
 -37.7  -37.65 -37.52 -37.54 -36.83 -36.23 -37.17 -37.58 -37.26 -36.1
 -37.36 -38.8  -37.99 -35.87 -37.43 -36.83 -36.48 -36.4  -37.92 -37.98
 -35.92 -38.92 -36.79 -35.16 -37.49 -38.44 -39.17 -38.76 -38.44 -35.28
 -36.24 -38.54 -36.79 -37.69 -37.91 -35.95 -37.3  -38.15 -38.2  -38.51
 -38.29 -35.77 -34.03 -36.37 -36.   -36.87 -34.95 -33.75 -33.92 -33.22
 -34.65 -35.91 -36.16 -36.37 -35.09 -36.37 -38.82 -37.44 -35.54 -36.7
 -36.12 -36.74 -37.3  -37.34 -37.17 -36.16 -36.3  -36.91 -36.92 -37.92
 -37.1  -36.58 -36.81 -35.5  -37.21 -37.06 -38.24 -38.13 -38.24 -39.15
 -37.62 -35.88 -36.92 -38.17 -38.06 -36.38 -36.19 -37.68 -38.45 -39.15
 -37.1  -37.67 -37.98 -37.57 -38.95 -37.39 -36.75 -38.92 -37.57 -37.53
 -37.11 -38.2  -37.72 -36.89 -36.42 -36.4  -36.1  -35.27 -36.86 -35.6
 -34.87 -38.24 -37.33]","[1850. 1851. 1852. 1853. 1854. 1855. 1856. 1857. 1858. 1859. 1860. 1861.
 1862. 1863. 1864. 1865. 1866. 1867. 1868. 1869. 1870. 1871. 1872. 1873.
 1874. 1875. 1876. 1877. 1878. 1879. 1880. 1881. 1882. 1883. 1884. 1885.
 1886. 1887. 1888. 1889. 1890. 1891. 1892. 1893. 1894. 1895. 1896. 1897.
 1898. 1899. 1900. 1901. 1902. 1903. 1904. 1905. 1906. 1907. 1908. 1909.
 1910. 1911. 1912. 1913. 1914. 1915. 1916. 1917. 1918. 1919. 1920. 1921.
 1922. 1923. 1924. 1925. 1926. 1927. 1928. 1929. 1930. 1931. 1932. 1933.
 1934. 1935. 1936. 1937. 1938. 1939. 1940. 1941. 1942. 1943. 1944. 1945.
 1946. 1947. 1948. 1949. 1950. 1951. 1952. 1953. 1954. 1955. 1956. 1957.
 1958. 1959. 1960. 1961. 1962. 1963. 1964. 1965. 1966. 1967. 1968. 1969.
 1970. 1971. 1972. 1973. 1974. 1975. 1976. 1977. 1978. 1979. 1980. 1981.
 1982. 1983. 1984. 1985. 1986. 1987. 1988. 1989. 1990. 1991. 1992.]"
76,-66.04,-64.08,1975.5,"[-18.5112 -18.5783 -19.7035 -18.4039 -18.0582 -18.8276 -19.2959 -20.0882
 -18.5204 -18.1729 -18.8057 -18.689  -20.4655 -20.1046 -18.261  -20.2103
 -18.9123 -18.0297 -19.8831 -20.3291 -18.3735 -18.4648 -19.7307 -20.9069
 -18.5037 -19.2693 -18.6625 -19.2833 -19.4138 -20.078  -18.943  -19.6668
 -20.0779 -21.2858 -20.2578 -18.5559 -21.0046 -20.1891 -19.8709 -18.6252
 -21.6947 -20.5196 -20.7847 -19.0484 -19.2851 -19.111  -20.1703 -19.1524
 -19.9816 -18.3137 -20.0597 -20.6277 -19.0258 -19.3009 -18.5493 -19.5463
 -20.9675 -20.0081 -18.3369 -19.7747 -20.5213 -20.0212 -20.2094 -20.2703
 -19.041  -19.9263 -18.2623 -19.1014 -20.7827 -21.2304 -20.5435 -20.6309
 -18.6637 -19.8209 -20.2479 -19.5344 -21.3051 -20.3487 -18.2964 -19.8941
 -19.7769 -20.5641 -19.5678 -20.7172 -19.9285 -20.3748 -19.5905 -17.8057
 -19.1132 -20.8688 -19.4288 -20.1743 -18.748  -20.3057 -20.4199 -19.5684
 -20.4519 -20.1079 -19.0925 -19.2387 -18.5415 -19.723  -19.7952 -20.062
 -20.2823 -20.057  -19.5967 -19.6998 -20.01   -18.3327]","[2009. 2008. 2007. 2006. 2005. 2004. 2003. 2002. 2001. 2000. 1999. 1998.
 1997. 1996. 1995. 1994. 1993. 1992. 1991. 1990. 1989. 1988. 1987. 1986.
 1985. 1984. 1983. 1982. 1981. 1980. 1979. 1978. 1977. 1976. 1975. 1974.
 1973. 1972. 1971. 1970. 1969. 1968. 1967. 1966. 1965. 1964. 1963. 1962.
 1961. 1960. 1959. 1958. 1957. 1956. 1955. 1954. 1953. 1952. 1951. 1950.
 1949. 1948. 1947. 1946. 1945. 1944. 1943. 1942. 1941. 1940. 1939. 1938.
 1937. 1936. 1935. 1934. 1933. 1932. 1931. 1930. 1929. 1928. 1927. 1926.
 1925. 1924. 1923. 1922. 1921. 1920. 1919. 1918. 1917. 1916. 1915. 1914.
 1913. 1912. 1911. 1910. 1909. 1908. 1907. 1906. 1905. 1904. 1903. 1902.
 1901. 1900.]"
77,-72.81,79.93,2800.0,"[-39.522327 -39.948536 -42.42059  -41.348423 -40.11887  -46.04427
 -44.640163 -40.475014 -38.20852  -38.06758  -39.126167 -41.994385
 -47.14683  -45.49201  -40.39714  -43.182095 -41.1559   -42.288883
 -43.632923 -41.749924 -37.05116  -40.656944 -42.88439  -40.658047
 -41.245262 -43.337242 -42.575798 -43.023483 -39.115784 -38.08262
 -42.19941  -41.064987 -39.823933 -42.33141 ]","[2009. 2008. 2007. 2006. 2005. 2004. 2003. 2002. 2001. 2000. 1999. 1998.
 1997. 1996. 1995. 1994. 1993. 1992. 1991. 1990. 1989. 1988. 1987. 1986.
 1985. 1984. 1983. 1982. 1981. 1980. 1979. 1978. 1977. 1976.]"
78,-70.62,-8.37,40.0,"[-21.1  -18.16 -20.13 -18.1  -17.11 -22.86 -19.15 -18.75 -19.26 -18.94
 -20.36 -17.3  -17.78 -22.08 -23.36 -19.74 -16.51 -17.89 -19.55 -19.32
 -20.32 -20.54 -21.31 -20.57 -20.22 -20.7  -20.02 -19.77 -19.6  -19.28
 -22.99 -23.94 -22.15 -20.49 -21.6  -20.76 -19.76 -21.14 -19.34 -20.24
 -21.93 -20.39 -20.6  -20.31 -22.19 -25.03 -22.43 -20.78 -20.5  -20.82
 -19.07 -20.81 -23.54 -20.99 -23.16 -21.02 -19.64 -21.7  -21.71 -20.01
 -18.74 -20.18 -20.26 -21.26 -19.92 -19.91 -22.54 -21.07 -21.24 -21.41
 -21.49 -22.56 -22.38 -21.19 -22.59 -19.6  -19.72 -19.73 -18.02 -19.57
 -21.04 -23.4  -24.17 -22.55 -22.79 -23.12 -21.36 -21.37 -21.05 -21.48]","[1981. 1980. 1979. 1978. 1977. 1976. 1975. 1974. 1973. 1972. 1971. 1970.
 1969. 1968. 1967. 1966. 1965. 1964. 1963. 1962. 1961. 1960. 1959. 1958.
 1957. 1956. 1955. 1954. 1953. 1952. 1951. 1950. 1949. 1948. 1947. 1946.
 1945. 1944. 1943. 1942. 1941. 1940. 1939. 1938. 1937. 1936. 1935. 1934.
 1933. 1932. 1931. 1930. 1929. 1928. 1927. 1926. 1925. 1924. 1923. 1922.
 1921. 1920. 1919. 1918. 1917. 1916. 1915. 1914. 1913. 1912. 1911. 1910.
 1909. 1908. 1907. 1906. 1905. 1904. 1903. 1902. 1901. 1900. 1899. 1898.
 1897. 1896. 1895. 1894. 1893. 1892.]"
79,-75.0,0.04,2882.0,"[-43.5  -39.96 -42.33 -45.57 -48.34 -46.81 -41.07 -43.94 -46.24 -45.39
 -46.13 -43.57 -43.57 -45.73 -46.92 -43.38 -43.32 -42.26 -42.15 -45.12
 -43.18 -43.67 -43.39 -44.21 -44.99 -44.22 -44.64 -45.92 -42.91 -42.61
 -45.25 -44.61 -44.51 -45.32 -42.92 -42.66 -42.35 -44.73 -44.52 -42.27
 -43.78 -43.37 -43.07 -45.46 -42.75 -44.53 -47.23 -45.27 -44.08 -46.09
 -45.21 -45.03 -44.53 -45.88 -46.23 -46.05 -45.1  -45.46 -46.03 -44.75
 -46.17 -46.03 -43.63 -41.93 -46.48 -45.26 -44.64 -46.88 -46.95 -46.
 -45.33 -46.82 -46.84 -44.13 -46.25 -45.32 -44.11 -44.4  -44.01 -44.26
 -43.99 -44.01 -45.38 -46.86 -45.84 -44.33 -44.29 -43.61 -44.66 -44.77
 -44.46 -44.52 -44.19 -44.66 -45.07 -45.01 -44.92 -44.75 -44.18 -44.2
 -44.38 -42.99 -42.12 -43.04 -43.69 -44.18 -44.33 -44.38 -45.55 -45.2
 -45.12 -45.97 -46.26 -46.52 -47.31 -46.62 -45.73 -44.26 -45.6  -45.36
 -45.26 -45.58 -44.93 -43.53 -44.2  -45.03 -43.69 -44.27 -45.53 -45.99
 -45.98 -46.07 -44.53 -46.55 -46.67 -45.39 -45.16 -45.02 -45.81 -46.68
 -44.81 -43.82 -43.91 -44.4  -44.7  -44.86 -44.91 -44.85]","[1997. 1996. 1995. 1994. 1993. 1992. 1991. 1990. 1989. 1988. 1987. 1986.
 1985. 1984. 1983. 1982. 1981. 1980. 1979. 1978. 1977. 1976. 1975. 1974.
 1973. 1972. 1971. 1970. 1969. 1968. 1967. 1966. 1965. 1964. 1963. 1962.
 1961. 1960. 1959. 1958. 1957. 1956. 1955. 1954. 1953. 1952. 1951. 1950.
 1949. 1948. 1947. 1946. 1945. 1944. 1943. 1942. 1941. 1940. 1939. 1938.
 1937. 1936. 1935. 1934. 1933. 1932. 1931. 1930. 1929. 1928. 1927. 1926.
 1925. 1924. 1923. 1922. 1921. 1920. 1919. 1918. 1917. 1916. 1915. 1914.
 1913. 1912. 1911. 1910. 1909. 1908. 1907. 1906. 1905. 1904. 1903. 1902.
 1901. 1900. 1899. 1898. 1897. 1896. 1895. 1894. 1893. 1892. 1891. 1890.
 1889. 1888. 1887. 1886. 1885. 1884. 1883. 1882. 1881. 1880. 1879. 1878.
 1877. 1876. 1875. 1874. 1873. 1872. 1871. 1870. 1869. 1868. 1867. 1866.
 1865. 1864. 1863. 1862. 1861. 1860. 1859. 1858. 1857. 1856. 1855. 1854.
 1853. 1852. 1851. 1850.]"
80,78.0,-44.0,2543.0,"[-34.5 -37.2 -37.4 -39.3 -36.2 -34.7 -35.4 -35.2 -33.2 -34.2 -36.3 -36.4
 -36.8 -40.4 -39.1 -37.8 -35.2 -34.5 -34.5 -34.9 -35.2 -35.6 -35.9 -36.5
 -35.8 -33.4 -33.9 -35.2 -35.8 -36.  -36.7 -37.  -36.4 -35.5 -37.1 -39.
 -39.  -37.7 -35.9 -35.4 -35.6 -32.9 -32.9 -35.4 -37.8 -36.1 -35.8 -38.
 -37.2 -37.3 -37.4 -36.7 -36.4 -35.5 -34.5 -35.1 -35.1 -35.6 -35.5 -35.5
 -36.  -35.4 -33.3 -33.6 -33.5 -32.2 -32.5 -34.4 -37.3 -37.3 -35.1 -36.6
 -37.7 -36.  -36.4 -42.1 -38.7 -35.2 -34.5 -35.5 -38.4 -37.7 -35.5 -35.4
 -33.7 -32.3 -32.7 -36.3 -37.8 -37.2 -34.1 -35.6 -35.  -34.2 -35.9 -34.7
 -34.2 -34.4 -33.7 -35.2 -34.3 -33.8 -34.4 -35.5 -37.9 -37.3 -37.5 -37.2
 -36.8 -36.1 -36.3 -34.9 -33.8 -34.7 -36.5 -37.1 -36.9 -35.8 -35.2 -34.9
 -34.7 -35.1 -34.9 -36.7 -36.3 -36.4 -36.2 -36.1 -36.6 -35.8 -36.1 -37.4
 -36.  -34.6 -35.  -35.7 -36.6 -37.9 -37.6 -37.5 -37.  -36.6 -35.4 -35.1]","[1993. 1992. 1991. 1990. 1989. 1988. 1987. 1986. 1985. 1984. 1983. 1982.
 1981. 1980. 1979. 1978. 1977. 1976. 1975. 1974. 1973. 1972. 1971. 1970.
 1969. 1968. 1967. 1966. 1965. 1964. 1963. 1962. 1961. 1960. 1959. 1958.
 1957. 1956. 1955. 1954. 1953. 1952. 1951. 1950. 1949. 1948. 1947. 1946.
 1945. 1944. 1943. 1942. 1941. 1940. 1939. 1938. 1937. 1936. 1935. 1934.
 1933. 1932. 1931. 1930. 1929. 1928. 1927. 1926. 1925. 1924. 1923. 1922.
 1921. 1920. 1919. 1918. 1917. 1916. 1915. 1914. 1913. 1912. 1911. 1910.
 1909. 1908. 1907. 1906. 1905. 1904. 1903. 1902. 1901. 1900. 1899. 1898.
 1897. 1896. 1895. 1894. 1893. 1892. 1891. 1890. 1889. 1888. 1887. 1886.
 1885. 1884. 1883. 1882. 1881. 1880. 1879. 1878. 1877. 1876. 1875. 1874.
 1873. 1872. 1871. 1870. 1869. 1868. 1867. 1866. 1865. 1864. 1863. 1862.
 1861. 1860. 1859. 1858. 1857. 1856. 1855. 1854. 1853. 1852. 1851. 1850.]"
81,80.0,-41.1374,2185.0,"[-31.2 -33.4 -32.7 -35.  -33.9 -33.1 -32.4 -31.8 -32.8 -31.3 -36.3 -33.5
 -32.4 -31.6 -33.6 -35.5 -35.1 -34.7 -33.5 -34.4 -33.7 -31.6 -33.4 -32.5
 -35.8 -34.2 -33.  -32.5 -32.9 -34.4 -33.7 -34.3 -33.9 -33.6 -33.3 -32.6
 -32.3 -33.4 -34.6 -34.4 -37.4 -38.2 -35.5 -35.3 -35.3 -35.7 -37.5 -35.5
 -33.5 -33.8 -35.  -36.1 -34.9 -34.4 -36.3 -35.9 -33.  -32.1 -31.9 -31.9
 -33.7 -34.4 -33.  -33.2 -34.1 -33.5 -31.7 -31.7 -33.4 -33.9 -34.  -34.6
 -35.2 -36.8 -37.2 -36.2 -35.5 -33.2 -32.9 -32.1 -31.8 -34.  -34.  -34.4
 -34.4 -34.1 -32.7 -33.9 -35.4 -35.4 -34.3 -32.7 -33.3 -34.  -34.1 -34.4
 -34.9 -33.1 -32.9 -33.3 -32.9 -33.  -33.5 -32.  -33.3 -36.  -35.8 -34.3
 -34.2 -34.6 -34.5 -34.3 -33.9 -32.3 -32.9 -33.8 -33.6 -32.9 -33.4 -32.8
 -31.9 -31.4 -30.9 -33.2 -35.3 -36.9 -38.2 -36.5 -33.6 -32.3 -33.9 -36.1
 -35.6 -34.3 -33.  -32.3 -33.4 -34.1 -34.2 -35.6 -34.8 -33.9 -34.  -34.1]","[1993. 1992. 1991. 1990. 1989. 1988. 1987. 1986. 1985. 1984. 1983. 1982.
 1981. 1980. 1979. 1978. 1977. 1976. 1975. 1974. 1973. 1972. 1971. 1970.
 1969. 1968. 1967. 1966. 1965. 1964. 1963. 1962. 1961. 1960. 1959. 1958.
 1957. 1956. 1955. 1954. 1953. 1952. 1951. 1950. 1949. 1948. 1947. 1946.
 1945. 1944. 1943. 1942. 1941. 1940. 1939. 1938. 1937. 1936. 1935. 1934.
 1933. 1932. 1931. 1930. 1929. 1928. 1927. 1926. 1925. 1924. 1923. 1922.
 1921. 1920. 1919. 1918. 1917. 1916. 1915. 1914. 1913. 1912. 1911. 1910.
 1909. 1908. 1907. 1906. 1905. 1904. 1903. 1902. 1901. 1900. 1899. 1898.
 1897. 1896. 1895. 1894. 1893. 1892. 1891. 1890. 1889. 1888. 1887. 1886.
 1885. 1884. 1883. 1882. 1881. 1880. 1879. 1878. 1877. 1876. 1875. 1874.
 1873. 1872. 1871. 1870. 1869. 1868. 1867. 1866. 1865. 1864. 1863. 1862.
 1861. 1860. 1859. 1858. 1857. 1856. 1855. 1854. 1853. 1852. 1851. 1850.]"
82,78.86,17.42,1250.0,"[-23.7938  -10.8787  -10.1687  -19.9422  -14.9119  -15.2181  -13.7183
 -16.9614  -12.9846  -13.7709  -10.9121  -11.0541  -14.743   -15.0652
 -13.5626  -16.301   -13.6822   -8.10567 -10.8833  -14.2252  -15.491
 -12.4848  -14.4353  -14.9086  -12.2883  -12.764    -8.76112 -14.2445
 -11.5017  -15.1457  -15.7838  -22.2886  -19.042   -22.7989  -14.4113
 -17.9993  -17.9887  -14.0249  -12.9356  -17.8294  -13.6498  -12.3863
 -15.8726  -13.1469  -18.2014   -8.50211 -12.1314   -9.59316  -9.04701
 -19.6621  -14.2144  -13.4739  -16.2142  -17.0297  -17.5251  -13.5944
 -15.0453  -11.8435  -12.4347  -12.9351  -12.1218   -9.38183 -12.286
 -13.8511  -14.5446   -8.52099  -7.78928 -11.8828   -8.66598 -12.2521
 -11.3049  -12.0603  -12.3011   -9.30934  -6.50707 -12.5511  -14.5492
 -18.4796  -18.7499  -21.4835  -12.5585  -15.8774  -17.45    -14.7085
 -13.899   -14.5537  -18.8863  -11.5275  -13.5977  -12.5751  -12.2617
 -12.5171  -14.1044  -13.9828  -12.6116  -12.243   -14.4993  -15.9106
 -15.9288  -16.9761  -13.2749  -14.7462  -13.2984  -13.97    -15.1449
 -14.5899  -16.6033  -18.4983  -16.9199  -18.4894  -17.3813  -19.5337
 -18.0677  -15.6796  -13.3009  -18.5     -18.8541  -21.5718  -22.1385
 -22.0204  -23.5299  -19.7346  -15.7785  -14.0911  -15.7762  -16.5178
 -21.6574  -19.0288  -23.8349  -19.4429  -14.7337  -15.4748  -13.4886
 -12.6191  -14.8427  -22.3923  -13.7019  -12.8184  -12.8127  -18.9
 -21.9683  -14.3792  -14.5917  -25.8919  -23.3592  -22.8971  -23.6791
 -16.6303 ]","[1997. 1996. 1995. 1994. 1993. 1992. 1991. 1990. 1989. 1988. 1987. 1986.
 1985. 1984. 1983. 1982. 1981. 1980. 1979. 1978. 1977. 1976. 1975. 1974.
 1973. 1972. 1971. 1970. 1969. 1968. 1967. 1966. 1965. 1964. 1963. 1962.
 1961. 1960. 1959. 1958. 1957. 1956. 1955. 1954. 1953. 1952. 1951. 1950.
 1949. 1948. 1947. 1946. 1945. 1944. 1943. 1942. 1941. 1940. 1939. 1938.
 1937. 1936. 1935. 1934. 1933. 1932. 1931. 1930. 1929. 1928. 1927. 1926.
 1925. 1924. 1923. 1922. 1921. 1920. 1919. 1918. 1917. 1916. 1915. 1914.
 1913. 1912. 1911. 1910. 1909. 1908. 1907. 1906. 1905. 1904. 1903. 1902.
 1901. 1900. 1899. 1898. 1897. 1896. 1895. 1894. 1893. 1892. 1891. 1890.
 1889. 1888. 1887. 1886. 1885. 1884. 1883. 1882. 1881. 1880. 1879. 1878.
 1877. 1876. 1875. 1874. 1873. 1872. 1871. 1870. 1869. 1868. 1867. 1866.
 1865. 1864. 1863. 1862. 1861. 1860. 1859. 1858. 1857. 1856. 1855. 1854.
 1853. 1852. 1851. 1850.]"
83,72.3,-37.4,3238.0,[-35.13 -35.55 -35.16 -35.59 -35.24 -35.31],[1960. 1940. 1920. 1900. 1880. 1860.]
84,-66.77,112.81,1370.0,"[-21.559986 -22.821295 -23.25602  -21.684645 -22.267113 -23.259613
 -22.030313 -21.44053  -23.124403 -23.141527 -22.762419 -21.063448
 -21.882357 -21.858095 -21.591465 -22.082537 -22.695127 -23.034666
 -21.204414 -22.787584 -20.647934 -21.505836 -23.333103 -22.092302
 -21.92227  -22.616688 -22.91482  -22.501734 -22.046547 -23.900011
 -22.270077 -22.220987 -22.151806 -22.591967 -22.767252 -22.994392
 -23.16586  -21.52889  -23.064608 -21.80991  -22.30896  -21.926533
 -21.512764 -22.990597 -22.104147 -21.359716 -22.251963 -21.894867
 -22.693283 -23.240734 -22.831715 -22.704645 -22.026175 -21.622755
 -22.303518 -22.974634 -21.746868 -23.184357 -21.94604  -23.303492
 -22.553831 -23.083296 -22.586704 -21.61927  -21.134192 -22.498238
 -22.508223 -21.565079 -22.836662 -22.260534 -22.890816 -22.606653
 -22.286148 -22.219412 -23.02252  -22.587656 -21.815655 -22.258615
 -21.079    -23.198849 -21.564095 -22.515371 -22.484081 -22.348505
 -22.205847 -22.298233 -21.781973 -22.476788 -22.114367 -22.487411
 -21.91228  -23.425201 -22.841965 -21.167805 -22.550035 -21.471527
 -22.12289  -20.645065 -22.905293 -23.272116 -21.894955 -21.192478
 -21.768024 -23.052298 -22.280636 -23.276402 -22.871174 -22.731861
 -23.04829  -22.44506  -21.978516 -21.582432 -23.853848 -22.152975
 -23.711073 -21.65957  -21.89178  -22.297312 -23.262426 -22.275614
 -23.460238 -22.861847 -23.218222 -23.671732 -21.140324 -22.064129
 -22.85228  -21.703192 -22.18596  -21.454445 -23.916008 -22.410828
 -22.264198 -22.673882 -20.651974 -22.752739 -21.52262  -21.967234
 -22.063635 -22.156197 -22.570614 -21.873293 -22.211823 -22.068792
 -21.012186 -22.901726]","[1995. 1994. 1993. 1992. 1991. 1990. 1989. 1988. 1987. 1986. 1985. 1984.
 1983. 1982. 1981. 1980. 1979. 1978. 1977. 1976. 1975. 1974. 1973. 1972.
 1971. 1970. 1969. 1968. 1967. 1966. 1965. 1964. 1963. 1962. 1961. 1960.
 1959. 1958. 1957. 1956. 1955. 1954. 1953. 1952. 1951. 1950. 1949. 1948.
 1947. 1946. 1945. 1944. 1943. 1942. 1941. 1940. 1939. 1938. 1937. 1936.
 1935. 1934. 1933. 1932. 1931. 1930. 1929. 1928. 1927. 1926. 1925. 1924.
 1923. 1922. 1921. 1920. 1919. 1918. 1917. 1916. 1915. 1914. 1913. 1912.
 1911. 1910. 1909. 1908. 1907. 1906. 1905. 1904. 1903. 1902. 1901. 1900.
 1899. 1898. 1897. 1896. 1895. 1894. 1893. 1892. 1891. 1890. 1889. 1888.
 1887. 1886. 1885. 1884. 1883. 1882. 1881. 1880. 1879. 1878. 1877. 1876.
 1875. 1874. 1873. 1872. 1871. 1870. 1869. 1868. 1867. 1866. 1865. 1864.
 1863. 1862. 1861. 1860. 1859. 1858. 1857. 1856. 1855. 1854. 1853. 1852.
 1851. 1850.]"
85,72.58,-37.64,3200.0,"[-37.53 -37.37 -38.06 -34.7  -37.67 -36.62 -37.8  -40.39 -37.48 -37.61
 -39.44 -40.52 -37.9  -38.76 -43.49 -37.35 -39.63 -39.41 -38.61 -37.73
 -37.52 -37.72 -36.54 -36.77 -40.09 -36.11 -34.4  -34.59 -37.5  -35.34
 -38.8  -36.46 -38.4  -37.47 -37.66 -38.41 -39.57 -36.83 -40.31 -36.64
 -38.22 -39.25 -42.07 -42.26 -40.73 -35.39 -39.08 -36.51 -35.96 -35.65
 -40.41 -37.2  -38.83 -35.71 -35.15 -40.87 -39.23 -40.98 -39.9  -37.06
 -39.05 -38.4  -37.08 -42.34 -37.15 -43.28 -36.29 -36.71 -40.31 -37.69
 -40.05 -39.52 -36.96 -36.06 -39.13 -38.31 -37.94 -38.67 -39.88 -40.
 -36.86 -36.37 -35.05 -37.89 -38.23 -37.03 -40.98 -38.48 -42.89 -37.31
 -37.36 -40.8  -34.52 -37.72 -38.14 -41.53 -35.72 -35.87 -38.96 -39.05
 -39.96 -41.45 -38.23 -38.23 -37.76 -38.07 -38.52 -38.66 -39.2  -35.4
 -36.3  -37.42 -39.3  -37.57 -36.74 -35.23 -37.07 -34.38 -36.84 -35.89
 -39.32 -37.2  -36.92 -38.49 -37.98 -39.08 -38.83 -36.04 -36.65 -39.09]","[1850. 1851. 1852. 1853. 1854. 1855. 1856. 1857. 1858. 1859. 1860. 1861.
 1862. 1863. 1864. 1865. 1866. 1867. 1868. 1869. 1870. 1871. 1872. 1873.
 1874. 1875. 1876. 1877. 1878. 1879. 1880. 1881. 1882. 1883. 1884. 1885.
 1886. 1887. 1888. 1889. 1890. 1891. 1892. 1893. 1894. 1895. 1896. 1897.
 1898. 1899. 1900. 1901. 1902. 1903. 1904. 1905. 1906. 1907. 1908. 1909.
 1910. 1911. 1912. 1913. 1914. 1915. 1916. 1917. 1918. 1919. 1920. 1921.
 1922. 1923. 1924. 1925. 1926. 1927. 1928. 1929. 1930. 1931. 1932. 1933.
 1934. 1935. 1936. 1937. 1938. 1939. 1940. 1941. 1942. 1943. 1944. 1945.
 1946. 1947. 1948. 1949. 1950. 1951. 1952. 1953. 1954. 1955. 1956. 1957.
 1958. 1959. 1960. 1961. 1962. 1963. 1964. 1965. 1966. 1967. 1968. 1969.
 1970. 1971. 1972. 1973. 1974. 1975. 1976. 1977. 1978. 1979.]"
86,78.4,-80.4,2030.0,"[-25.4284 -25.3655 -25.3027 -25.2398 -25.177  -24.9112 -24.6455 -24.3797
 -24.114  -23.8482 -23.869  -23.8897 -23.9105 -23.9312 -23.952  -24.1326
 -24.3131 -24.4937 -24.6742 -24.8548 -25.1059 -25.3571 -25.6083 -25.8595
 -26.1106 -25.9569 -25.8032 -25.6495 -25.4958 -25.3421 -25.2393 -25.1366
 -25.0338 -24.9311 -24.8283 -24.8723 -24.9163 -24.9603 -25.0042 -25.0482
 -24.9595 -24.8707 -24.782  -24.6933 -24.6045 -24.9258 -25.2471 -25.5684
 -25.8896 -26.2109 -26.2429 -26.2749 -26.3069 -26.3389 -26.3709 -26.362
 -26.3531 -26.3442 -26.3354 -26.3265 -26.5709 -26.8154 -27.0599 -27.3043
 -27.5488 -27.3578 -27.1668 -26.9758 -26.7847 -26.5937 -26.4762 -26.3587
 -26.2412 -26.1237 -26.0062 -26.0621 -26.118  -26.1739 -26.2297 -26.2856
 -26.1638 -26.042  -25.9203 -25.7985 -25.6767 -25.7886 -25.9005 -26.0124
 -26.1243 -26.2362 -26.0625 -25.8887 -25.715  -25.5413 -25.3675 -25.3203
 -25.273  -25.2257 -25.1785 -25.1312 -25.4231 -25.7149 -26.0067 -26.2986
 -26.5904 -26.503  -26.4155 -26.3281 -26.2406 -26.1532 -26.1611 -26.1691
 -26.1771 -26.185  -26.193  -25.9494 -25.7059 -25.4623 -25.2188 -24.9752
 -25.1484 -25.3216 -25.4947 -25.6679 -25.841  -25.7043 -25.5676 -25.4309
 -25.2942 -25.1575 -25.5913 -26.025  -26.4588 -26.8925 -27.3263 -27.2209
 -27.1156 -27.0102 -26.9049 -26.7995 -26.5915 -26.3836 -26.1756 -25.9677
 -25.7597 -25.9667]","[1995. 1994. 1993. 1992. 1991. 1990. 1989. 1988. 1987. 1986. 1985. 1984.
 1983. 1982. 1981. 1980. 1979. 1978. 1977. 1976. 1975. 1974. 1973. 1972.
 1971. 1970. 1969. 1968. 1967. 1966. 1965. 1964. 1963. 1962. 1961. 1960.
 1959. 1958. 1957. 1956. 1955. 1954. 1953. 1952. 1951. 1950. 1949. 1948.
 1947. 1946. 1945. 1944. 1943. 1942. 1941. 1940. 1939. 1938. 1937. 1936.
 1935. 1934. 1933. 1932. 1931. 1930. 1929. 1928. 1927. 1926. 1925. 1924.
 1923. 1922. 1921. 1920. 1919. 1918. 1917. 1916. 1915. 1914. 1913. 1912.
 1911. 1910. 1909. 1908. 1907. 1906. 1905. 1904. 1903. 1902. 1901. 1900.
 1899. 1898. 1897. 1896. 1895. 1894. 1893. 1892. 1891. 1890. 1889. 1888.
 1887. 1886. 1885. 1884. 1883. 1882. 1881. 1880. 1879. 1878. 1877. 1876.
 1875. 1874. 1873. 1872. 1871. 1870. 1869. 1868. 1867. 1866. 1865. 1864.
 1863. 1862. 1861. 1860. 1859. 1858. 1857. 1856. 1855. 1854. 1853. 1852.
 1851. 1850.]"
87,75.1,-42.32,2917.0,"[-35.6  -34.33 -33.27 -34.35 -35.89 -35.47 -34.43 -35.69 -35.03 -34.7
 -35.2  -36.03 -35.93 -36.17 -36.6  -35.66 -36.39 -36.19 -36.51 -35.16
 -33.55 -33.42 -32.96 -35.21 -34.73 -35.34 -35.16 -34.18 -33.44 -33.81
 -34.81 -34.39 -36.29 -36.52 -37.85 -36.52 -34.62 -35.11 -37.17 -35.88
 -36.42 -34.14 -32.5  -34.26 -34.97 -34.44 -33.7  -36.08 -37.74 -36.07
 -33.83 -33.97 -32.28 -34.26 -33.98 -35.84 -32.29 -35.31 -33.05 -32.03
 -35.11 -36.3  -35.38 -35.79 -36.43 -34.72 -33.78 -36.71 -35.28 -34.36
 -34.43 -36.31 -36.04 -35.76 -37.6  -35.53 -34.97 -33.15 -30.81 -34.58
 -36.55 -34.7  -33.49 -34.87 -35.07 -34.65 -34.69 -35.87 -35.92 -32.17
 -34.83 -35.93 -36.75 -36.37 -35.02 -34.82 -33.85 -35.28 -35.69 -35.95
 -34.96 -33.8  -34.06 -35.79 -35.44 -34.76 -33.83 -35.29 -36.75 -33.13
 -34.72 -34.7  -35.05 -35.49 -35.18 -35.28 -35.21 -35.72 -32.83 -34.41
 -34.88 -33.92 -37.46 -35.35 -36.34 -36.73 -35.63 -33.17 -34.69 -35.33
 -35.52 -36.56 -39.92 -38.17 -32.64 -34.93 -35.86 -36.41 -34.74 -38.95
 -36.62 -36.3  -37.06 -35.08 -37.2  -31.36]","[1850. 1851. 1852. 1853. 1854. 1855. 1856. 1857. 1858. 1859. 1860. 1861.
 1862. 1863. 1864. 1865. 1866. 1867. 1868. 1869. 1870. 1871. 1872. 1873.
 1874. 1875. 1876. 1877. 1878. 1879. 1880. 1881. 1882. 1883. 1884. 1885.
 1886. 1887. 1888. 1889. 1890. 1891. 1892. 1893. 1894. 1895. 1896. 1897.
 1898. 1899. 1900. 1901. 1902. 1903. 1904. 1905. 1906. 1907. 1908. 1909.
 1910. 1911. 1912. 1913. 1914. 1915. 1916. 1917. 1918. 1919. 1920. 1921.
 1922. 1923. 1924. 1925. 1926. 1927. 1928. 1929. 1930. 1931. 1932. 1933.
 1934. 1935. 1936. 1937. 1938. 1939. 1940. 1941. 1942. 1943. 1944. 1945.
 1946. 1947. 1948. 1949. 1950. 1951. 1952. 1953. 1954. 1955. 1956. 1957.
 1958. 1959. 1960. 1961. 1962. 1963. 1964. 1965. 1966. 1967. 1968. 1969.
 1970. 1971. 1972. 1973. 1974. 1975. 1976. 1977. 1978. 1979. 1980. 1981.
 1982. 1983. 1984. 1985. 1986. 1987. 1988. 1989. 1990. 1991. 1992. 1993.
 1994. 1995.]"
88,71.27,-26.73,2350.0,"[-28.21 -27.64 -26.3  -27.49 -27.13 -28.13 -27.54 -28.33 -27.67 -27.16
 -27.65 -28.06 -27.89 -27.78 -27.35 -26.97 -26.51 -26.96 -26.83 -26.2
 -26.86 -27.03 -27.1  -27.25 -27.05 -27.2  -27.75]","[1853. 1858. 1863. 1868. 1873. 1878. 1883. 1888. 1893. 1898. 1903. 1908.
 1913. 1918. 1923. 1928. 1933. 1938. 1943. 1948. 1953. 1958. 1963. 1968.
 1973. 1978. 1983.]"
89,28.38,85.72,7200.0,"[-17.34 -18.58 -17.67 -17.97 -17.91 -17.14 -18.41 -19.01 -19.78 -18.58
 -20.24 -18.65 -18.65 -20.2  -18.98 -19.72]","[1997. 1990. 1980. 1970. 1960. 1950. 1940. 1930. 1920. 1910. 1900. 1890.
 1880. 1870. 1860. 1850.]"
90,28.38,85.72,7200.0,"[-17.8  -18.79 -16.49 -14.62 -16.99 -16.27 -18.94 -17.64 -20.78 -15.91
 -20.15 -21.89 -19.7  -18.04 -14.74 -17.74 -19.18 -14.28 -20.2  -17.3
 -15.38 -19.82 -18.61 -16.35 -17.58 -18.16 -18.97 -19.35 -17.84 -16.65
 -17.06 -15.35 -20.55 -17.46 -18.49 -17.81 -19.12 -19.75 -19.59 -17.73
 -17.14 -18.62 -17.51 -21.05 -17.13 -15.89 -14.72 -18.   -17.18 -15.28
 -16.86 -14.67 -17.04 -19.88 -17.64 -16.13 -18.68 -16.34 -20.95 -17.04
 -18.59 -19.8  -19.89 -17.44 -16.6  -18.89 -18.54 -20.78 -19.   -18.08
 -19.92 -20.21 -18.79 -21.59 -19.79 -16.18 -15.78 -14.73 -18.49 -19.78
 -19.25 -22.   -21.65 -19.72 -19.46 -20.16 -22.56 -19.32 -18.08 -18.11
 -19.36 -18.42 -18.37 -17.13 -18.2  -18.44 -20.42 -19.51 -20.79 -18.31
 -18.56 -21.33 -18.06 -21.66 -21.46 -19.54 -23.15 -19.24 -17.96 -19.57
 -19.48 -18.92 -17.34 -20.12 -15.72 -19.06 -19.07 -20.64 -15.92 -18.28
 -18.93 -19.69 -21.31 -18.74 -15.56 -16.38 -21.04 -20.05 -16.55 -18.81
 -21.55 -19.64 -17.02 -21.48 -23.14 -21.43 -22.34 -20.34 -19.64 -19.76
 -18.77 -21.03 -20.42 -17.91 -16.27 -17.04 -18.61]","[1996. 1995. 1994. 1993. 1992. 1991. 1990. 1989. 1988. 1987. 1986. 1985.
 1984. 1983. 1982. 1981. 1980. 1979. 1978. 1977. 1976. 1975. 1974. 1973.
 1972. 1971. 1970. 1969. 1968. 1967. 1966. 1965. 1964. 1963. 1962. 1961.
 1960. 1959. 1958. 1957. 1956. 1955. 1954. 1953. 1952. 1951. 1950. 1949.
 1948. 1947. 1946. 1945. 1944. 1943. 1942. 1941. 1940. 1939. 1938. 1937.
 1936. 1935. 1934. 1933. 1932. 1931. 1930. 1929. 1928. 1927. 1926. 1925.
 1924. 1923. 1922. 1921. 1920. 1919. 1918. 1917. 1916. 1915. 1914. 1913.
 1912. 1911. 1910. 1909. 1908. 1907. 1906. 1905. 1904. 1903. 1902. 1901.
 1900. 1899. 1898. 1897. 1896. 1895. 1894. 1893. 1892. 1891. 1890. 1889.
 1888. 1887. 1886. 1885. 1884. 1883. 1882. 1881. 1880. 1879. 1878. 1877.
 1876. 1875. 1874. 1873. 1872. 1871. 1870. 1869. 1868. 1867. 1866. 1865.
 1864. 1863. 1862. 1861. 1860. 1859. 1858. 1857. 1856. 1855. 1854. 1853.
 1852. 1851. 1850.]"
91,-82.0,-110.01,1957.0,[-29.76723  -32.75945  -31.702084 ... -33.47529  -33.273438 -33.366577],[2002.9713 2002.9141 2002.8567 ... 1854.9857 1854.9235 1854.8651]
92,77.45,-51.06,2450.0,"[-33.55     -30.58     -33.18     -33.89215  -32.300167 -33.4255
 -32.57264  -32.15166  -32.0482   -31.0675   -31.07345  -32.612
 -33.28745  -31.6507   -33.219826 -34.82585  -32.444077 -32.4324
 -32.003075 -33.00555  -34.978577 -33.15205  -32.664173 -32.196323
 -33.50255  -33.029427 -32.29395  -34.4985   -36.535774 -34.93705
 -32.66295  -33.1537   -35.3432   -34.018024 -33.8952   -32.887974
 -32.63675  -33.24215  -32.53775  -33.795    -32.33385  -34.099773
 -34.613525 -33.506775 -33.39585  -33.55355  -34.193676 -33.411674
 -33.778725 -35.306225 -33.98825  -32.520676 -33.863575 -33.567974
 -33.724773 -33.5756   -33.45625  -32.7748   -32.67455  -32.70245
 -33.941975 -33.097126 -34.8481   -35.065475 -33.899376 -32.61455
 -33.1448   -33.4814   -33.831276 -33.735126 -33.9767   -34.293175
 -31.751024 -35.273876 -34.60795  -32.835175 -32.53225  -33.5347
 -31.369125 -32.48025  -32.9642   -33.232624 -31.1487   -29.87285
 -32.478226 -33.734924 -34.6584   -34.166874 -33.1988   -34.6589
 -35.800426 -35.3967   -33.158867 -33.4288   -33.91873  -32.99103
 -33.179733 -35.24735  -33.764477 -31.912325 -34.9813   -34.513226
 -32.12495  -31.4202   -34.399376 -35.17965  -34.728523 -33.121975
 -32.216225 -31.996876 -33.61695  -31.899324 -32.9007   -33.243526
 -33.78095  -34.0587   -33.362026 -33.70335  -32.2791   -30.91765
 -31.484224 -32.8782   -33.8298   -33.94275  -35.106876 -34.295124
 -34.73345  -34.7787   -32.582523 -31.97005  -32.427673 -32.0574
 -32.724174 -31.907776 -32.28685  -33.749924 -34.54335  -33.55485
 -35.238976 -32.448    -31.2875   -33.051975 -35.319176 -34.872326
 -33.52705  -33.736374 -33.930874 -33.485    -33.94075  -34.154427
 -34.303226 -34.539875 -34.136173 -34.54435  -33.604576 -34.02375
 -35.541    -35.6706   -32.578075 -32.502674 -33.9315   -34.1187  ]","[2011. 2010. 2009. 2008. 2007. 2006. 2005. 2004. 2003. 2002. 2001. 2000.
 1999. 1998. 1997. 1996. 1995. 1994. 1993. 1992. 1991. 1990. 1989. 1988.
 1987. 1986. 1985. 1984. 1983. 1982. 1981. 1980. 1979. 1978. 1977. 1976.
 1975. 1974. 1973. 1972. 1971. 1970. 1969. 1968. 1967. 1966. 1965. 1964.
 1963. 1962. 1961. 1960. 1959. 1958. 1957. 1956. 1955. 1954. 1953. 1952.
 1951. 1950. 1949. 1948. 1947. 1946. 1945. 1944. 1943. 1942. 1941. 1940.
 1939. 1938. 1937. 1936. 1935. 1934. 1933. 1932. 1931. 1930. 1929. 1928.
 1927. 1926. 1925. 1924. 1923. 1922. 1921. 1920. 1919. 1918. 1917. 1916.
 1915. 1914. 1913. 1912. 1911. 1910. 1909. 1908. 1907. 1906. 1905. 1904.
 1903. 1902. 1901. 1900. 1899. 1898. 1897. 1896. 1895. 1894. 1893. 1892.
 1891. 1890. 1889. 1888. 1887. 1886. 1885. 1884. 1883. 1882. 1881. 1880.
 1879. 1878. 1877. 1876. 1875. 1874. 1873. 1872. 1871. 1870. 1869. 1868.
 1867. 1866. 1865. 1864. 1863. 1862. 1861. 1860. 1859. 1858. 1857. 1856.
 1855. 1854. 1853. 1852. 1851. 1850.]"
93,-46.58,-73.32,3747.0,"[-12.87 -11.94 -12.78 -14.34 -14.32 -14.91 -15.35 -15.46 -15.53 -15.64
 -15.88 -16.47 -15.17 -14.91 -15.15 -14.88 -15.34 -19.21 -15.14 -15.1
 -17.73 -19.85 -16.6  -14.35 -11.31 -17.86 -18.54 -19.23 -17.15 -19.75
 -20.2  -18.56 -16.08 -15.28 -14.95 -16.08 -16.93 -18.38 -17.07 -16.79
 -19.15 -15.09 -13.91 -16.11 -21.95 -20.86 -20.26 -23.67 -22.41 -20.28
 -19.94 -19.42 -18.14 -17.89 -17.08 -17.1  -17.99 -17.52 -17.21 -17.
 -18.03 -19.77 -21.46 -18.67 -15.25 -15.53 -17.27 -17.44 -16.93 -18.01
 -21.79 -22.3  -17.62 -17.17 -16.98 -18.18 -20.95 -19.19 -18.2  -17.76
 -15.99 -15.29 -15.8  -15.32 -13.36 -12.21 -11.9  -11.99 -15.05 -17.55
 -17.99 -14.29 -11.53 -10.48 -11.12 -11.18 -11.39 -11.47 -13.31 -15.34
 -14.35 -15.57 -14.66 -11.81 -11.1  -11.77 -13.46 -16.47 -15.74 -13.57
 -15.28 -13.5  -18.68 -18.49 -19.07 -20.   -16.94 -18.72 -18.37 -19.56
 -17.94 -17.14 -19.32 -19.31 -16.14 -13.39 -14.21 -14.27 -14.42 -14.39
 -17.88 -20.43 -18.42 -16.73 -15.29 -11.18 -12.74 -15.55 -15.24 -16.34
 -15.19 -15.67 -17.01 -18.08 -17.57 -17.1  -19.05 -18.94 -19.61 -18.2
 -20.54 -17.43 -19.35 -18.89 -16.9  -17.25 -16.5  -16.48 -17.26 -17.86
 -18.37 -19.26 -21.7  -18.42 -19.56 -18.23 -15.9  -16.58 -16.49 -15.03
 -14.35 -15.81 -17.35 -17.16 -15.92 -16.02 -15.72]","[2005.31 2005.   2004.73 2004.37 2004.   2003.78 2003.56 2003.34 2003.11
 2002.81 2002.4  2002.   2001.75 2001.5  2001.13 2000.93 2000.76 2000.58
 2000.39 2000.18 2000.   1999.77 1999.43 1999.22 1999.1  1998.81 1998.4
 1998.   1997.83 1997.66 1997.5  1997.37 1997.24 1997.09 1996.9  1996.59
 1996.3  1996.   1995.48 1995.   1994.33 1993.91 1993.7  1993.49 1993.25
 1993.   1992.88 1992.77 1992.62 1992.47 1992.33 1992.16 1992.   1991.84
 1991.68 1991.52 1991.36 1991.26 1991.16 1991.   1990.71 1990.42 1990.18
 1989.95 1989.77 1989.59 1989.39 1989.19 1989.05 1988.88 1988.62 1988.33
 1988.04 1987.76 1987.48 1987.19 1986.97 1986.8  1986.62 1986.38 1986.19
 1986.   1985.85 1985.7  1985.55 1985.37 1985.19 1985.03 1984.87 1984.7
 1984.55 1984.35 1984.15 1983.95 1983.75 1983.55 1983.32 1983.09 1982.8
 1982.41 1982.   1981.81 1981.62 1981.41 1981.2  1981.   1980.81 1980.62
 1980.43 1980.23 1980.   1979.91 1979.66 1979.41 1979.16 1978.92 1978.67
 1978.34 1978.   1977.67 1977.33 1977.   1976.62 1976.28 1975.95 1975.68
 1975.34 1975.   1974.88 1974.76 1974.64 1974.48 1974.38 1974.28 1974.14
 1974.   1973.74 1973.47 1973.25 1973.08 1972.82 1972.47 1972.12 1971.84
 1971.56 1971.29 1971.05 1970.79 1970.52 1970.17 1969.89 1969.68 1969.48
 1969.27 1969.13 1969.   1968.72 1968.45 1968.17 1967.95 1967.83 1967.7
 1967.58 1967.45 1967.29 1967.14 1967.   1966.81 1966.63 1966.46 1966.29
 1966.14 1966.   1965.72 1965.44 1965.16 1964.88]"
94,77.2533,-49.2167,2598.0,"[-36.1 -34.  -32.2 -34.5 -33.1 -35.9 -32.6 -31.5 -33.  -33.  -32.6 -34.6
 -34.  -33.  -35.5 -35.1 -33.7 -33.4 -33.6 -33.2 -33.2 -33.5 -34.6 -33.6
 -36.6 -34.5 -31.9 -34.7 -33.5 -33.1 -34.2 -34.8 -34.  -32.3 -31.5 -37.1
 -35.1 -35.  -33.9 -32.4 -32.6 -30.5 -33.1 -32.4 -34.  -35.7 -34.1 -34.2
 -35.7 -34.7 -35.4 -34.1 -34.6 -33.6 -30.8 -33.7 -34.9 -34.  -33.6 -33.9
 -32.7 -33.9 -32.5 -32.5 -33.  -31.3 -29.4 -31.5 -34.1 -35.  -34.5 -33.4
 -35.1 -35.1 -33.3 -33.9 -34.8 -35.7 -34.1 -33.  -34.  -35.  -33.3 -34.1
 -35.2 -32.7 -34.3 -35.1 -34.7 -34.9 -33.1 -33.5 -35.3 -33.1 -32.  -35.
 -35.  -34.  -33.8 -34.1 -32.7 -29.4 -30.2 -30.8 -34.3 -34.  -33.6 -34.6
 -34.7 -35.1 -35.7 -33.4 -34.  -32.8 -31.6 -32.  -31.9 -32.8 -32.  -33.1
 -33.7 -34.5 -34.2 -32.6 -30.2 -32.2 -34.6 -35.3 -35.  -34.7 -33.7 -34.6
 -34.9 -35.8 -33.5 -33.6 -34.1 -32.7 -33.1 -32.5 -33.8 -34.5 -36.2 -33.1
 -31.8]","[1994. 1993. 1992. 1991. 1990. 1989. 1988. 1987. 1986. 1985. 1984. 1983.
 1982. 1981. 1980. 1979. 1978. 1977. 1976. 1975. 1974. 1973. 1972. 1971.
 1970. 1969. 1968. 1967. 1966. 1965. 1964. 1963. 1962. 1961. 1960. 1959.
 1958. 1957. 1956. 1955. 1954. 1953. 1952. 1951. 1950. 1949. 1948. 1947.
 1946. 1945. 1944. 1943. 1942. 1941. 1940. 1939. 1938. 1937. 1936. 1935.
 1934. 1933. 1932. 1931. 1930. 1929. 1928. 1927. 1926. 1925. 1924. 1923.
 1922. 1921. 1920. 1919. 1918. 1917. 1916. 1915. 1914. 1913. 1912. 1911.
 1910. 1909. 1908. 1907. 1906. 1905. 1904. 1903. 1902. 1901. 1900. 1899.
 1898. 1897. 1896. 1895. 1894. 1893. 1892. 1891. 1890. 1889. 1888. 1887.
 1886. 1885. 1884. 1883. 1882. 1881. 1880. 1879. 1878. 1877. 1876. 1875.
 1874. 1873. 1872. 1871. 1870. 1869. 1868. 1867. 1866. 1865. 1864. 1863.
 1862. 1861. 1860. 1859. 1858. 1857. 1856. 1855. 1854. 1853. 1852. 1851.
 1850.]"
95,75.33,-82.5,1800.0,"[-28.2  -28.64 -27.7  -28.25 -26.94 -28.66 -28.1  -28.43 -27.85 -27.31
 -27.51 -28.83 -28.26 -27.33 -27.61 -26.46 -27.58 -27.19 -27.84 -26.92
 -27.26 -27.05 -27.68 -28.36 -28.03]","[1851. 1856. 1861. 1866. 1871. 1876. 1881. 1886. 1891. 1896. 1901. 1906.
 1911. 1916. 1921. 1926. 1931. 1936. 1941. 1946. 1951. 1956. 1961. 1966.
 1971.]"
96,75.33,-82.5,1800.0,"[-27.43   -27.571  -27.132  -25.3373 -26.5075 -28.7665 -27.7872 -28.08
 -27.1088 -27.3137 -25.9698 -26.7343 -27.4126 -26.6817 -26.8236 -27.0249
 -26.8827 -28.1692 -29.4625 -27.9435 -26.6144 -27.3468 -27.8837 -28.0243
 -26.0971 -26.4935 -28.3024 -27.5385 -26.9172 -28.0723 -27.2038 -27.63
 -25.7174 -25.0201 -26.6899 -27.2901 -27.1447 -27.6169 -27.6593 -27.889
 -27.8856 -26.8859 -27.3986 -27.7585 -27.3303 -27.155  -27.4379 -28.0339
 -28.2529 -27.8575 -28.6807 -30.3539 -29.512  -28.1093 -26.25   -28.0919
 -28.5469 -26.1832 -26.3776 -27.017  -28.3863 -28.0131 -26.2552 -25.8762
 -27.8275 -28.9352 -26.0168 -26.87   -27.2278 -29.1085 -28.5238 -27.8929
 -28.547  -27.312  -27.9313 -29.173  -28.7296 -27.8262 -28.0538 -28.4955
 -28.0288 -28.1213 -29.8573 -30.5693 -27.     -26.6528 -27.1429 -28.2541
 -27.3014 -26.1958 -26.6441 -27.9967 -29.7946 -31.0739 -28.102  -27.3
 -27.32   -27.9825 -27.3808 -28.9685 -29.2341 -28.265  -27.7985 -28.4307
 -29.1684 -30.1797 -30.4377 -28.3222 -27.9803]","[1958. 1957. 1956. 1955. 1954. 1953. 1952. 1951. 1950. 1949. 1948. 1947.
 1946. 1945. 1944. 1943. 1942. 1941. 1940. 1939. 1938. 1937. 1936. 1935.
 1934. 1933. 1932. 1931. 1930. 1929. 1928. 1927. 1926. 1925. 1924. 1923.
 1922. 1921. 1920. 1919. 1918. 1917. 1916. 1915. 1914. 1913. 1912. 1911.
 1910. 1909. 1908. 1907. 1906. 1905. 1904. 1903. 1902. 1901. 1900. 1899.
 1898. 1897. 1896. 1895. 1894. 1893. 1892. 1891. 1890. 1889. 1888. 1887.
 1886. 1885. 1884. 1883. 1882. 1881. 1880. 1879. 1878. 1877. 1876. 1875.
 1874. 1873. 1872. 1871. 1870. 1869. 1868. 1867. 1866. 1865. 1864. 1863.
 1862. 1861. 1860. 1859. 1858. 1857. 1856. 1855. 1854. 1853. 1852. 1851.
 1850.]"
97,65.1833,-43.83,,"[-0.592 -0.365 -0.675 -0.823 -0.309 -0.016 -1.162 -0.054 -2.018  0.871
  1.428  0.622 -2.353 -1.332 -0.035 -0.143  0.238 -0.009 -2.547  0.34
  1.936 -1.573  1.869  0.145  0.037 -0.093 -0.967 -1.155 -0.018  0.892
  0.749  0.194 -1.258  2.742 -1.352  0.533  0.005  0.422 -0.827 -0.126
  0.043  0.148  1.412 -1.454  0.51   0.782 -0.325 -0.119  0.325 -0.741
  1.223 -0.503  1.446  1.211 -0.397  0.11   1.237  0.202  0.195 -0.348
 -0.642  0.577 -1.501 -0.554  0.076  0.528  0.37  -2.175  0.611 -1.123
 -0.121  0.698 -0.878  0.05   1.005 -0.831 -0.227  1.197  0.074  1.33
 -0.847  0.667 -2.974  0.567  3.014  2.386 -0.414  0.966  0.203  0.62
 -1.355 -1.04  -1.088  2.11   0.024 -1.454  1.082 -0.739 -0.748  0.297
  0.741 -0.969 -0.092  0.482 -0.348 -0.895  1.845  2.037 -0.676  0.859
  1.125  0.167  0.143 -0.737 -0.789 -0.418 -1.193 -0.674 -1.825 -0.863
  0.289]","[1970. 1969. 1968. 1967. 1966. 1965. 1964. 1963. 1962. 1961. 1960. 1959.
 1958. 1957. 1956. 1955. 1954. 1953. 1952. 1951. 1950. 1949. 1948. 1947.
 1946. 1945. 1944. 1943. 1942. 1941. 1940. 1939. 1938. 1937. 1936. 1935.
 1934. 1933. 1932. 1931. 1930. 1929. 1928. 1927. 1926. 1925. 1924. 1923.
 1922. 1921. 1920. 1919. 1918. 1917. 1916. 1915. 1914. 1913. 1912. 1911.
 1910. 1909. 1908. 1907. 1906. 1905. 1904. 1903. 1902. 1901. 1900. 1899.
 1898. 1897. 1896. 1895. 1894. 1893. 1892. 1891. 1890. 1889. 1888. 1887.
 1886. 1885. 1884. 1883. 1882. 1881. 1880. 1879. 1878. 1877. 1876. 1875.
 1874. 1873. 1872. 1871. 1870. 1869. 1868. 1867. 1866. 1865. 1864. 1863.
 1862. 1861. 1860. 1859. 1858. 1857. 1856. 1855. 1854. 1853. 1852. 1851.
 1850.]"
98,65.1833,-43.83,,"[-1.1   -2.621  0.657  0.02   1.051  0.329 -0.371  0.365  0.25   1.599
 -1.005  1.042  0.086 -0.434  0.348  0.63   0.904 -1.236  1.407 -0.481
  0.054 -1.182  0.053 -3.063 -0.386 -0.421 -0.781 -1.828  1.668 -1.092
 -1.599  0.526 -0.679 -1.525 -0.482 -0.674 -0.538 -0.921 -0.734  0.406
  0.489 -0.249  3.23  -1.435 -0.648 -0.96  -1.625 -0.159 -1.364 -1.075
 -0.886  0.452 -1.361 -1.043  1.608  0.987 -0.227 -1.028  0.355 -1.295
  1.016  1.765  0.669  1.806  0.444  0.91  -1.465  0.985  1.906 -1.521
  1.73  -1.814  0.941  0.066  0.621 -2.246  0.202  0.294  0.697  0.569
  1.051 -1.636  0.502  0.933  1.056 -0.506 -1.817 -0.74  -0.54  -0.638
 -0.141  0.855  1.457  4.142  0.278 -0.715 -0.054 -0.852  1.197  0.688
  0.018  1.427 -1.7   -1.21  -0.914 -1.961 -0.262  2.466 -2.354 -0.734
 -0.596  0.399 -2.603  2.316 -0.427 -2.026  1.595  0.649  0.154  0.405
  0.894]","[1970. 1969. 1968. 1967. 1966. 1965. 1964. 1963. 1962. 1961. 1960. 1959.
 1958. 1957. 1956. 1955. 1954. 1953. 1952. 1951. 1950. 1949. 1948. 1947.
 1946. 1945. 1944. 1943. 1942. 1941. 1940. 1939. 1938. 1937. 1936. 1935.
 1934. 1933. 1932. 1931. 1930. 1929. 1928. 1927. 1926. 1925. 1924. 1923.
 1922. 1921. 1920. 1919. 1918. 1917. 1916. 1915. 1914. 1913. 1912. 1911.
 1910. 1909. 1908. 1907. 1906. 1905. 1904. 1903. 1902. 1901. 1900. 1899.
 1898. 1897. 1896. 1895. 1894. 1893. 1892. 1891. 1890. 1889. 1888. 1887.
 1886. 1885. 1884. 1883. 1882. 1881. 1880. 1879. 1878. 1877. 1876. 1875.
 1874. 1873. 1872. 1871. 1870. 1869. 1868. 1867. 1866. 1865. 1864. 1863.
 1862. 1861. 1860. 1859. 1858. 1857. 1856. 1855. 1854. 1853. 1852. 1851.
 1850.]"
99,72.6,-38.5,3200.0,"[-34.11 -32.9  -34.33 -35.15 -34.37 -34.33 -36.44 -36.88 -37.05 -35.83
 -35.38 -34.83 -35.8  -34.93 -34.34 -37.12 -35.61 -35.84 -35.58 -35.87
 -33.27 -32.17 -33.49 -35.4  -34.56 -33.94 -33.98 -34.69 -34.23 -34.22
 -34.6  -34.43 -35.13 -34.63 -35.72 -36.7  -36.09 -34.71 -35.12 -33.87
 -34.89 -35.26 -33.43 -36.03 -33.92 -34.67 -36.9  -35.86 -34.67 -36.52
 -34.99 -34.4  -35.84 -33.54 -35.49 -34.76 -34.19 -36.29 -33.33 -33.12
 -33.77 -35.39 -35.21 -36.32 -36.38 -36.96 -33.62 -34.99 -36.77 -36.79
 -35.98 -36.18 -37.57 -36.83 -36.81 -37.42 -36.22 -34.44 -34.29 -32.74
 -35.15 -34.83 -31.69 -34.51 -33.31 -33.27 -33.74 -35.9  -35.68 -34.24
 -31.87 -34.02 -32.42 -35.3  -35.55 -34.81 -35.14 -34.08 -33.93 -35.77
 -35.04 -35.57 -34.23 -34.31 -34.91 -35.06 -36.37 -36.11 -35.01 -33.97
 -33.92 -34.28 -31.92 -34.51 -33.61 -35.63 -34.53 -33.44 -35.38 -33.34
 -34.39 -35.05 -35.83 -34.99 -35.58 -34.71 -34.67 -33.01 -34.87 -38.69
 -35.64 -35.21 -36.55 -38.22 -34.49 -32.73 -35.82 -35.98]","[1850. 1851. 1852. 1853. 1854. 1855. 1856. 1857. 1858. 1859. 1860. 1861.
 1862. 1863. 1864. 1865. 1866. 1867. 1868. 1869. 1870. 1871. 1872. 1873.
 1874. 1875. 1876. 1877. 1878. 1879. 1880. 1881. 1882. 1883. 1884. 1885.
 1886. 1887. 1888. 1889. 1890. 1891. 1892. 1893. 1894. 1895. 1896. 1897.
 1898. 1899. 1900. 1901. 1902. 1903. 1904. 1905. 1906. 1907. 1908. 1909.
 1910. 1911. 1912. 1913. 1914. 1915. 1916. 1917. 1918. 1919. 1920. 1921.
 1922. 1923. 1924. 1925. 1926. 1927. 1928. 1929. 1930. 1931. 1932. 1933.
 1934. 1935. 1936. 1937. 1938. 1939. 1940. 1941. 1942. 1943. 1944. 1945.
 1946. 1947. 1948. 1949. 1950. 1951. 1952. 1953. 1954. 1955. 1956. 1957.
 1958. 1959. 1960. 1961. 1962. 1963. 1964. 1965. 1966. 1967. 1968. 1969.
 1970. 1971. 1972. 1973. 1974. 1975. 1976. 1977. 1978. 1979. 1980. 1981.
 1982. 1983. 1984. 1985. 1986. 1987.]"
100,45.9297,7.877,4450.0,"[-10.01 -12.55 -11.14 -13.49 -15.44 -13.86 -11.52 -14.22 -15.08 -15.73
  -9.98 -15.1  -13.96 -15.31 -10.07 -11.44 -12.29 -13.55 -17.72 -13.31
 -11.3  -11.82 -14.62 -10.56 -15.41 -12.17 -13.09 -14.99 -16.28 -13.72
 -14.58 -13.45 -17.35 -12.52 -11.05 -13.23 -17.68 -14.85 -14.69 -13.33
 -16.02 -11.6  -14.48 -13.96 -10.72 -12.38 -10.4  -13.03 -11.28 -12.61
 -16.35 -15.18 -13.02 -18.03 -14.07 -14.73 -10.42 -14.05 -17.01 -14.04
 -12.77 -13.55 -12.01 -14.02 -14.24 -18.92 -17.05 -13.78 -10.03 -13.32
 -14.99 -13.68 -12.03 -15.88 -14.36 -13.86 -15.2  -13.96 -16.02 -13.06
 -11.19 -13.66 -12.98 -14.7  -15.2  -15.47 -14.64 -13.18 -15.67 -14.59
 -13.67 -13.53 -15.91 -15.86 -15.22 -19.06 -14.87 -15.87 -18.1  -19.89
 -19.94 -17.06 -13.28 -11.14 -15.13 -16.54 -14.96 -14.03 -14.02 -14.12
 -14.17 -13.91 -12.77 -12.18]","[1993. 1992. 1991. 1990. 1989. 1988. 1987. 1986. 1985. 1984. 1983. 1982.
 1981. 1980. 1979. 1978. 1977. 1976. 1975. 1974. 1973. 1972. 1971. 1970.
 1969. 1968. 1967. 1966. 1965. 1964. 1963. 1962. 1961. 1960. 1959. 1958.
 1957. 1956. 1955. 1954. 1953. 1952. 1951. 1950. 1949. 1948. 1947. 1946.
 1945. 1944. 1943. 1942. 1941. 1940. 1939. 1938. 1937. 1936. 1935. 1934.
 1933. 1932. 1931. 1930. 1929. 1928. 1927. 1926. 1925. 1924. 1923. 1922.
 1921. 1920. 1919. 1918. 1917. 1916. 1915. 1914. 1913. 1912. 1911. 1910.
 1909. 1908. 1907. 1906. 1905. 1904. 1903. 1902. 1901. 1900. 1899. 1898.
 1897. 1896. 1895. 1894. 1893. 1892. 1891. 1890. 1889. 1888. 1887. 1886.
 1885. 1884. 1883. 1882. 1881. 1880.]"
101,45.9297,7.877,4450.0,"[-11.29 -13.48 -12.77 -14.21 -14.11 -12.02 -18.02 -12.67 -13.97 -14.86
 -10.73  -9.8  -15.91 -14.92 -14.4  -14.28 -12.51 -13.37 -14.6  -13.92
 -14.68 -11.83 -11.24 -11.02 -11.84 -13.56 -15.3  -13.01 -14.78 -15.11
 -11.46 -12.27 -15.65 -14.03 -12.66 -13.6  -13.42 -12.35 -14.8  -14.8
 -13.01 -13.14 -12.42 -10.3  -11.83 -12.76 -11.25 -13.04 -12.93 -14.71
 -17.09 -16.37 -14.53 -14.44 -16.26 -13.22 -13.46 -10.82 -12.3  -17.02
 -14.45 -12.73 -15.39 -15.89 -15.98 -15.74 -14.7  -14.21 -15.66 -13.55
 -14.03 -14.18 -13.33 -13.77 -13.4  -14.3  -15.41 -16.32 -13.79 -13.82
 -13.06 -10.93 -13.23 -14.15 -12.64 -15.01 -14.78 -12.82 -15.98 -17.37
 -14.34 -14.75 -14.13 -11.88 -14.95 -16.29 -16.09 -17.83 -14.43 -15.61
 -16.47 -13.05 -13.06 -12.68 -12.21 -12.51 -14.57 -12.36 -12.53 -14.12
 -11.17 -13.06 -15.02 -14.47]","[1993. 1992. 1991. 1990. 1989. 1988. 1987. 1986. 1985. 1984. 1983. 1982.
 1981. 1980. 1979. 1978. 1977. 1976. 1975. 1974. 1973. 1972. 1971. 1970.
 1969. 1968. 1967. 1966. 1965. 1964. 1963. 1962. 1961. 1960. 1959. 1958.
 1957. 1956. 1955. 1954. 1953. 1952. 1951. 1950. 1949. 1948. 1947. 1946.
 1945. 1944. 1943. 1942. 1941. 1940. 1939. 1938. 1937. 1936. 1935. 1934.
 1933. 1932. 1931. 1930. 1929. 1928. 1927. 1926. 1925. 1924. 1923. 1922.
 1921. 1920. 1919. 1918. 1917. 1916. 1915. 1914. 1913. 1912. 1911. 1910.
 1909. 1908. 1907. 1906. 1905. 1904. 1903. 1902. 1901. 1900. 1899. 1898.
 1897. 1896. 1895. 1894. 1893. 1892. 1891. 1890. 1889. 1888. 1887. 1886.
 1885. 1884. 1883. 1882. 1881. 1880.]"
102,45.9297,7.877,4450.0,"[-11.37 -11.45 -10.56 -10.66 -11.56 -12.2  -12.41 -13.69 -15.59 -14.9
 -14.33 -15.68 -14.45 -13.49 -12.98 -12.21 -13.   -13.9  -14.4  -14.19
 -13.64 -12.91 -12.17 -11.45 -11.13 -11.14 -11.28 -12.78 -13.84 -13.08
 -12.8  -12.77 -13.31 -14.12 -14.35 -13.69 -14.51 -12.54 -11.9  -13.52
 -14.4  -14.45 -14.56 -14.05 -12.45 -10.81 -11.5  -12.31 -13.15 -13.49
 -13.49 -13.49 -13.52 -13.68 -13.89 -14.08 -14.03 -13.73 -13.35 -13.28
 -13.5  -13.96 -14.3  -14.56 -14.74 -14.94 -15.18 -15.43 -15.51 -15.23
 -14.74 -14.06 -13.12 -12.51 -12.08 -12.16 -12.36 -12.62 -13.04 -13.48
 -13.95 -14.47 -14.88 -14.95 -14.75 -14.34 -14.55 -15.08 -15.44 -15.49
 -15.52 -15.71 -16.1  -16.37 -16.31 -15.96 -15.56 -15.15 -15.11 -16.06
 -17.24 -18.39 -19.08 -19.18 -18.29 -17.24 -15.85 -14.13 -12.86 -15.08
 -18.95 -16.63 -14.22 -14.62]","[1993. 1992. 1991. 1990. 1989. 1988. 1987. 1986. 1985. 1984. 1983. 1982.
 1981. 1980. 1979. 1978. 1977. 1976. 1975. 1974. 1973. 1972. 1971. 1970.
 1969. 1968. 1967. 1966. 1965. 1964. 1963. 1962. 1961. 1960. 1959. 1958.
 1957. 1956. 1955. 1954. 1953. 1952. 1951. 1950. 1949. 1948. 1947. 1946.
 1945. 1944. 1943. 1942. 1941. 1940. 1939. 1938. 1937. 1936. 1935. 1934.
 1933. 1932. 1931. 1930. 1929. 1928. 1927. 1926. 1925. 1924. 1923. 1922.
 1921. 1920. 1919. 1918. 1917. 1916. 1915. 1914. 1913. 1912. 1911. 1910.
 1909. 1908. 1907. 1906. 1905. 1904. 1903. 1902. 1901. 1900. 1899. 1898.
 1897. 1896. 1895. 1894. 1893. 1892. 1891. 1890. 1889. 1888. 1887. 1886.
 1885. 1884. 1883. 1882. 1881. 1880.]"
103,45.9297,7.877,4450.0,"[-10.56 -13.45 -14.8  -12.44 -13.87 -11.76 -10.39 -13.44 -14.52 -13.61
 -10.2  -16.07 -16.36 -14.59 -13.33 -11.4  -13.55 -13.79 -11.8  -11.27
 -13.94 -12.25 -11.63 -13.21 -13.87 -12.25 -12.74 -12.67 -13.29 -11.65
 -13.9  -16.34 -14.86 -12.43 -12.89 -14.22 -13.31 -11.07 -12.91 -14.74
 -14.26 -14.81 -13.74 -11.66 -12.2  -11.82 -11.95 -14.11 -14.03 -16.13
 -15.21 -14.01 -14.94 -15.17 -11.53 -13.84 -10.79 -13.32 -13.45 -12.78
 -15.   -14.29 -14.65 -15.69 -15.   -14.61 -13.64 -15.15 -14.81 -13.95
 -13.32 -14.57 -16.33 -15.66 -13.42 -12.5  -13.96 -12.07 -13.   -14.84
 -15.83 -14.96 -13.29 -13.89 -13.53 -14.65 -16.74 -14.43 -13.39 -13.95
 -13.69 -13.92 -14.05 -13.44 -14.63 -15.21 -15.27 -16.92 -17.25 -15.17
 -13.52 -19.4  -15.28 -14.95 -14.34 -12.89 -13.79 -15.33 -14.05 -12.31
 -14.1  -13.12 -12.99 -14.69]","[1993. 1992. 1991. 1990. 1989. 1988. 1987. 1986. 1985. 1984. 1983. 1982.
 1981. 1980. 1979. 1978. 1977. 1976. 1975. 1974. 1973. 1972. 1971. 1970.
 1969. 1968. 1967. 1966. 1965. 1964. 1963. 1962. 1961. 1960. 1959. 1958.
 1957. 1956. 1955. 1954. 1953. 1952. 1951. 1950. 1949. 1948. 1947. 1946.
 1945. 1944. 1943. 1942. 1941. 1940. 1939. 1938. 1937. 1936. 1935. 1934.
 1933. 1932. 1931. 1930. 1929. 1928. 1927. 1926. 1925. 1924. 1923. 1922.
 1921. 1920. 1919. 1918. 1917. 1916. 1915. 1914. 1913. 1912. 1911. 1910.
 1909. 1908. 1907. 1906. 1905. 1904. 1903. 1902. 1901. 1900. 1899. 1898.
 1897. 1896. 1895. 1894. 1893. 1892. 1891. 1890. 1889. 1888. 1887. 1886.
 1885. 1884. 1883. 1882. 1881. 1880.]"
104,-74.96,-1.5,2840.0,"[-44.89 -45.24 -43.61 -41.77 -42.63 -43.96 -42.05 -40.27 -44.83 -44.14
 -44.32 -45.93 -46.47 -44.63 -43.76 -44.22 -45.13 -45.34 -44.53 -42.62
 -42.46 -46.01 -43.57 -43.95 -44.34 -41.84 -41.64 -44.35 -45.68 -44.13
 -44.01 -45.62 -43.25 -44.31 -45.05 -44.86 -45.48 -43.52 -42.96 -42.66
 -42.96 -43.61 -43.78 -43.08 -45.05 -44.32 -43.9  -43.19 -41.75 -42.51
 -44.55 -44.06 -43.07 -40.64 -42.88 -45.6  -46.5  -45.97 -44.71 -44.04
 -43.58 -43.33 -44.44 -43.5  -41.61 -41.65 -42.77 -42.09 -43.03 -43.96
 -43.23 -45.07 -47.35 -45.22 -45.01 -44.68 -44.29 -43.73 -43.63 -43.74
 -43.72 -44.76 -46.92 -46.01 -43.85 -43.65 -44.34 -44.44 -44.99 -44.96
 -43.8  -42.76 -43.66 -43.99 -43.93 -43.9  -43.65 -43.09 -44.04 -45.34
 -45.97 -45.04 -45.01 -46.52 -46.26 -45.18 -44.65 -43.83 -43.5  -44.12
 -44.82 -45.74 -45.91 -45.63 -45.79 -45.68 -43.76 -41.8  -41.46 -43.72
 -45.1  -44.03 -43.44 -43.2  -42.56 -41.97 -41.63 -42.52 -44.21 -45.18
 -44.39 -43.43 -43.11 -44.29 -45.11 -45.79 -46.12 -45.65 -44.96 -44.41
 -44.65 -45.47 -45.72 -45.35 -45.25 -45.63 -47.26 -46.86]","[1997. 1996. 1995. 1994. 1993. 1992. 1991. 1990. 1989. 1988. 1987. 1986.
 1985. 1984. 1983. 1982. 1981. 1980. 1979. 1978. 1977. 1976. 1975. 1974.
 1973. 1972. 1971. 1970. 1969. 1968. 1967. 1966. 1965. 1964. 1963. 1962.
 1961. 1960. 1959. 1958. 1957. 1956. 1955. 1954. 1953. 1952. 1951. 1950.
 1949. 1948. 1947. 1946. 1945. 1944. 1943. 1942. 1941. 1940. 1939. 1938.
 1937. 1936. 1935. 1934. 1933. 1932. 1931. 1930. 1929. 1928. 1927. 1926.
 1925. 1924. 1923. 1922. 1921. 1920. 1919. 1918. 1917. 1916. 1915. 1914.
 1913. 1912. 1911. 1910. 1909. 1908. 1907. 1906. 1905. 1904. 1903. 1902.
 1901. 1900. 1899. 1898. 1897. 1896. 1895. 1894. 1893. 1892. 1891. 1890.
 1889. 1888. 1887. 1886. 1885. 1884. 1883. 1882. 1881. 1880. 1879. 1878.
 1877. 1876. 1875. 1874. 1873. 1872. 1871. 1870. 1869. 1868. 1867. 1866.
 1865. 1864. 1863. 1862. 1861. 1860. 1859. 1858. 1857. 1856. 1855. 1854.
 1853. 1852. 1851. 1850.]"
105,71.15,-35.84,3098.0,"[-37.15 -35.73 -39.18 -40.27 -36.67 -34.6  -34.64 -35.74 -37.4  -35.3
 -34.99 -35.25 -42.46 -39.64 -36.85 -42.2  -38.41 -35.59 -41.72 -34.97
 -37.44 -35.73 -36.23 -34.81 -35.73 -39.02 -37.76 -39.6  -35.23 -37.46
 -35.21 -36.66 -36.49 -39.33 -38.19 -38.77 -35.17 -38.5  -36.1  -38.68
 -36.54 -34.4  -37.37 -39.54 -35.61 -38.83 -40.08 -35.99 -40.81 -35.89
 -39.29 -41.56 -39.38 -36.22 -37.63 -39.73 -39.06 -37.13 -35.39 -37.77
 -40.16 -36.83 -38.04 -41.49 -39.46 -39.38 -40.25 -39.7  -38.54 -34.03
 -40.16 -39.21 -39.92 -34.56 -36.19 -40.23 -39.49 -36.83 -38.04 -37.67
 -39.37 -37.94 -35.33 -37.45 -33.99 -38.64 -39.17 -36.63 -39.92 -36.38
 -37.53 -36.37 -38.35 -37.72 -36.69 -37.8  -39.31 -37.41 -36.86 -36.71
 -36.48 -37.67 -36.76 -37.   -38.3  -35.72 -38.95 -36.96 -38.64 -38.31
 -37.7  -36.32 -38.43 -40.51 -34.58 -36.75 -40.01 -36.56 -39.02 -35.82
 -38.76]","[1970. 1969. 1968. 1967. 1966. 1965. 1964. 1963. 1962. 1961. 1960. 1959.
 1958. 1957. 1956. 1955. 1954. 1953. 1952. 1951. 1950. 1949. 1948. 1947.
 1946. 1945. 1944. 1943. 1942. 1941. 1940. 1939. 1938. 1937. 1936. 1935.
 1934. 1933. 1932. 1931. 1930. 1929. 1928. 1927. 1926. 1925. 1924. 1923.
 1922. 1921. 1920. 1919. 1918. 1917. 1916. 1915. 1914. 1913. 1912. 1911.
 1910. 1909. 1908. 1907. 1906. 1905. 1904. 1903. 1902. 1901. 1900. 1899.
 1898. 1897. 1896. 1895. 1894. 1893. 1892. 1891. 1890. 1889. 1888. 1887.
 1886. 1885. 1884. 1883. 1882. 1881. 1880. 1879. 1878. 1877. 1876. 1875.
 1874. 1873. 1872. 1871. 1870. 1869. 1868. 1867. 1866. 1865. 1864. 1863.
 1862. 1861. 1860. 1859. 1858. 1857. 1856. 1855. 1854. 1853. 1852. 1851.
 1850.]"
106,71.15,-35.84,3098.0,"[-29.96 -29.42 -32.7  -32.26 -32.19 -32.47 -31.6  -32.89 -33.53 -32.82
 -31.91 -31.44 -33.31 -34.53 -31.39 -34.64 -34.93 -30.52 -29.21 -32.54
 -31.56 -30.45 -32.62 -29.6  -33.28 -32.84 -33.05 -31.13 -33.63 -30.08
 -29.65 -29.01 -33.67 -30.06 -31.07 -28.93 -27.48 -33.89 -30.65 -29.18
 -30.09 -32.2  -33.6  -29.73 -32.94 -28.75 -34.04 -32.96 -33.33 -32.66
 -32.35 -32.69 -30.02 -34.63 -29.64 -33.54 -33.52 -30.53 -31.83 -30.97
 -32.06 -34.13 -30.49 -34.24 -32.26 -33.67 -32.08 -33.46 -27.8  -30.4
 -32.78 -29.29 -30.39 -33.36 -31.76 -27.68 -29.44 -30.42 -34.18 -32.82
 -31.89 -29.16 -31.85 -32.83 -32.45 -30.94 -32.79 -32.2  -30.34 -29.48
 -30.29 -34.91 -34.38 -33.79 -30.59 -33.53 -33.35 -31.24 -30.79 -29.25
 -32.72 -32.26 -32.36 -30.86 -31.99 -33.03 -33.85 -34.19 -32.3  -31.05
 -31.94 -33.12 -30.56 -31.82 -33.81 -31.88 -33.74 -32.58 -29.42 -32.11
 -31.71]","[1970. 1969. 1968. 1967. 1966. 1965. 1964. 1963. 1962. 1961. 1960. 1959.
 1958. 1957. 1956. 1955. 1954. 1953. 1952. 1951. 1950. 1949. 1948. 1947.
 1946. 1945. 1944. 1943. 1942. 1941. 1940. 1939. 1938. 1937. 1936. 1935.
 1934. 1933. 1932. 1931. 1930. 1929. 1928. 1927. 1926. 1925. 1924. 1923.
 1922. 1921. 1920. 1919. 1918. 1917. 1916. 1915. 1914. 1913. 1912. 1911.
 1910. 1909. 1908. 1907. 1906. 1905. 1904. 1903. 1902. 1901. 1900. 1899.
 1898. 1897. 1896. 1895. 1894. 1893. 1892. 1891. 1890. 1889. 1888. 1887.
 1886. 1885. 1884. 1883. 1882. 1881. 1880. 1879. 1878. 1877. 1876. 1875.
 1874. 1873. 1872. 1871. 1870. 1869. 1868. 1867. 1866. 1865. 1864. 1863.
 1862. 1861. 1860. 1859. 1858. 1857. 1856. 1855. 1854. 1853. 1852. 1851.
 1850.]"
107,65.18,-43.83,2480.0,"[-27.82 -28.7  -28.2  -28.12 -29.38 -29.14 -27.32 -29.48 -29.74 -30.29
 -29.93 -28.3  -28.47 -30.47 -31.57 -29.89 -30.29 -30.05 -29.63 -29.88
 -27.8  -27.43 -29.04 -29.42 -31.05 -28.47 -27.87 -28.77 -29.   -27.68
 -30.29 -27.06 -29.26 -30.09 -29.44 -28.8  -28.67 -26.46 -28.79 -28.24
 -28.37 -29.9  -29.38 -27.87 -29.19 -26.4  -29.54 -29.82 -30.18 -28.07
 -31.14 -29.53 -28.29 -29.2  -28.2  -29.07 -30.1  -30.46 -29.55 -28.42
 -29.84 -29.9  -28.91 -29.23 -30.05 -29.91 -28.27 -26.43 -29.62 -31.53
 -29.08 -29.85 -28.88 -27.83 -28.64 -30.08 -28.35 -30.32 -27.95 -28.59
 -29.27 -28.66 -27.83 -30.28 -27.7  -28.23 -28.09 -29.2  -28.99 -30.6
 -26.6  -29.69 -28.12 -29.21 -28.42 -29.6  -27.91 -26.55 -27.89 -28.36
 -28.84 -28.93 -28.88 -27.23 -27.09 -28.37 -28.5  -29.14 -27.9  -28.19
 -27.23 -27.25 -28.33 -27.01 -28.   -28.65 -27.35 -29.57 -29.95 -28.74
 -27.34 -27.85 -27.97 -28.57 -29.42 -29.   -29.15 -27.79 -28.9 ]","[1850. 1851. 1852. 1853. 1854. 1855. 1856. 1857. 1858. 1859. 1860. 1861.
 1862. 1863. 1864. 1865. 1866. 1867. 1868. 1869. 1870. 1871. 1872. 1873.
 1874. 1875. 1876. 1877. 1878. 1879. 1880. 1881. 1882. 1883. 1884. 1885.
 1886. 1887. 1888. 1889. 1890. 1891. 1892. 1893. 1894. 1895. 1896. 1897.
 1898. 1899. 1900. 1901. 1902. 1903. 1904. 1905. 1906. 1907. 1908. 1909.
 1910. 1911. 1912. 1913. 1914. 1915. 1916. 1917. 1918. 1919. 1920. 1921.
 1922. 1923. 1924. 1925. 1926. 1927. 1928. 1929. 1930. 1931. 1932. 1933.
 1934. 1935. 1936. 1937. 1938. 1939. 1940. 1941. 1942. 1943. 1944. 1945.
 1946. 1947. 1948. 1949. 1950. 1951. 1952. 1953. 1954. 1955. 1956. 1957.
 1958. 1959. 1960. 1961. 1962. 1963. 1964. 1965. 1966. 1967. 1968. 1969.
 1970. 1971. 1972. 1973. 1974. 1975. 1976. 1977. 1978.]"
108,65.18,-43.83,2480.0,"[-25.88 -28.97 -26.54 -28.37 -26.49 -27.91 -27.41 -27.45 -26.73 -26.82
 -25.   -26.28 -27.04 -28.1  -29.3  -27.41 -26.6  -28.   -26.88 -27.51
 -27.02 -28.93 -27.55 -27.02 -27.82 -26.83 -28.79 -28.9  -27.55 -26.13
 -26.32 -25.68 -29.49 -27.99 -27.67 -27.49 -27.35 -28.22 -25.19 -28.21
 -26.86 -26.15 -27.27 -27.3  -28.21 -27.12 -27.56 -27.18 -28.88 -29.99
 -28.56 -25.94 -27.24 -26.38 -26.92 -27.97 -27.32 -28.03 -28.62 -27.43
 -26.71 -27.27 -25.33 -28.23 -26.86 -28.22 -27.77 -29.08 -27.1  -27.39
 -28.25 -28.38 -26.84 -28.47 -27.34 -26.08 -25.71 -25.92 -26.4  -25.98
 -26.35 -26.72 -25.64 -28.02 -27.76 -27.29 -27.8  -29.23 -29.64 -27.09
 -27.52 -29.13 -26.74 -28.61 -28.36 -28.39 -30.67 -28.54 -27.38 -26.22
 -27.3  -27.96 -29.37 -29.26 -27.67 -28.54 -27.26 -28.96 -29.18 -28.93
 -28.73 -25.62 -27.05 -26.37 -26.76 -27.02 -26.23 -28.1  -26.42 -27.31
 -26.92]","[1970. 1969. 1968. 1967. 1966. 1965. 1964. 1963. 1962. 1961. 1960. 1959.
 1958. 1957. 1956. 1955. 1954. 1953. 1952. 1951. 1950. 1949. 1948. 1947.
 1946. 1945. 1944. 1943. 1942. 1941. 1940. 1939. 1938. 1937. 1936. 1935.
 1934. 1933. 1932. 1931. 1930. 1929. 1928. 1927. 1926. 1925. 1924. 1923.
 1922. 1921. 1920. 1919. 1918. 1917. 1916. 1915. 1914. 1913. 1912. 1911.
 1910. 1909. 1908. 1907. 1906. 1905. 1904. 1903. 1902. 1901. 1900. 1899.
 1898. 1897. 1896. 1895. 1894. 1893. 1892. 1891. 1890. 1889. 1888. 1887.
 1886. 1885. 1884. 1883. 1882. 1881. 1880. 1879. 1878. 1877. 1876. 1875.
 1874. 1873. 1872. 1871. 1870. 1869. 1868. 1867. 1866. 1865. 1864. 1863.
 1862. 1861. 1860. 1859. 1858. 1857. 1856. 1855. 1854. 1853. 1852. 1851.
 1850.]"
109,65.18,-43.83,2480.0,"[-26.18 -27.31 -27.7  -28.05 -28.6  -25.85 -27.12 -28.19 -28.42 -26.89
 -25.45 -26.04 -27.81 -27.76 -29.89 -27.74 -25.29 -26.97 -26.22 -27.26
 -26.75 -28.41 -26.93 -26.47 -26.13 -26.54 -26.48 -28.3  -26.88 -26.02
 -26.29 -25.27 -28.01 -27.97 -27.3  -27.28 -27.96 -24.61 -25.94 -27.92
 -28.69 -26.56 -26.03 -27.   -29.27 -27.16 -28.33 -27.25 -28.89 -29.73
 -28.23 -26.28 -26.18 -26.51 -25.92 -26.77 -26.93 -27.03 -27.28 -27.7
 -27.06 -26.93 -25.94 -28.89 -28.   -28.43 -27.48 -28.48 -28.66 -27.37
 -27.11 -29.24 -26.79 -28.49 -26.58 -26.14 -25.91 -25.87 -26.69 -26.58
 -27.41 -26.9  -27.17 -28.65 -27.44 -26.49 -28.9  -28.41 -28.65 -27.95
 -26.1  -26.24 -28.01 -29.33 -27.1  -28.21 -29.09 -28.71 -27.13 -26.67
 -27.49 -27.53 -30.14 -28.72 -28.77 -29.66 -28.8  -30.92 -28.88 -29.33
 -28.67 -26.19 -27.69 -27.61 -26.78 -27.53 -27.16 -28.12 -26.54 -27.69
 -23.84]","[1970. 1969. 1968. 1967. 1966. 1965. 1964. 1963. 1962. 1961. 1960. 1959.
 1958. 1957. 1956. 1955. 1954. 1953. 1952. 1951. 1950. 1949. 1948. 1947.
 1946. 1945. 1944. 1943. 1942. 1941. 1940. 1939. 1938. 1937. 1936. 1935.
 1934. 1933. 1932. 1931. 1930. 1929. 1928. 1927. 1926. 1925. 1924. 1923.
 1922. 1921. 1920. 1919. 1918. 1917. 1916. 1915. 1914. 1913. 1912. 1911.
 1910. 1909. 1908. 1907. 1906. 1905. 1904. 1903. 1902. 1901. 1900. 1899.
 1898. 1897. 1896. 1895. 1894. 1893. 1892. 1891. 1890. 1889. 1888. 1887.
 1886. 1885. 1884. 1883. 1882. 1881. 1880. 1879. 1878. 1877. 1876. 1875.
 1874. 1873. 1872. 1871. 1870. 1869. 1868. 1867. 1866. 1865. 1864. 1863.
 1862. 1861. 1860. 1859. 1858. 1857. 1856. 1855. 1854. 1853. 1852. 1851.
 1850.]"
110,65.18,-43.83,2480.0,"[-27.62 -28.51 -29.95 -30.15 -28.84 -28.03 -28.57 -28.07 -30.29 -28.56
 -27.58 -28.47 -28.55 -28.78 -29.58 -29.01 -29.92 -27.72 -27.58 -28.61
 -29.32 -28.96 -29.8  -27.71 -27.78 -29.41 -29.13 -29.1  -28.68 -28.38
 -26.38 -28.51 -29.18 -29.56 -28.63 -27.9  -26.92 -29.53 -28.44 -29.49
 -29.96 -27.9  -29.09 -29.79 -28.22 -29.25 -29.59 -28.66 -28.61 -30.9
 -28.55 -31.93 -28.76 -25.38 -28.73 -30.61 -29.04 -29.21 -28.96 -29.38
 -29.37 -29.01 -30.62 -31.73 -31.97 -28.5  -28.78 -28.25 -28.98 -28.93
 -31.39 -28.5  -30.52 -30.51 -28.34 -28.06 -27.86 -28.75 -29.15 -29.45
 -30.29 -28.86 -27.86 -27.86 -29.49 -29.54 -32.31 -28.97 -28.45 -28.12
 -28.29 -28.61 -31.54 -27.68 -27.11 -27.71 -28.7  -28.92 -28.93 -26.42
 -29.13 -30.3  -28.32 -29.83 -28.94 -28.93 -31.67 -31.6  -29.27 -28.9
 -29.21 -29.85 -29.51 -29.79 -28.11 -29.22 -28.01 -27.71 -29.41 -29.
 -28.67]","[1970. 1969. 1968. 1967. 1966. 1965. 1964. 1963. 1962. 1961. 1960. 1959.
 1958. 1957. 1956. 1955. 1954. 1953. 1952. 1951. 1950. 1949. 1948. 1947.
 1946. 1945. 1944. 1943. 1942. 1941. 1940. 1939. 1938. 1937. 1936. 1935.
 1934. 1933. 1932. 1931. 1930. 1929. 1928. 1927. 1926. 1925. 1924. 1923.
 1922. 1921. 1920. 1919. 1918. 1917. 1916. 1915. 1914. 1913. 1912. 1911.
 1910. 1909. 1908. 1907. 1906. 1905. 1904. 1903. 1902. 1901. 1900. 1899.
 1898. 1897. 1896. 1895. 1894. 1893. 1892. 1891. 1890. 1889. 1888. 1887.
 1886. 1885. 1884. 1883. 1882. 1881. 1880. 1879. 1878. 1877. 1876. 1875.
 1874. 1873. 1872. 1871. 1870. 1869. 1868. 1867. 1866. 1865. 1864. 1863.
 1862. 1861. 1860. 1859. 1858. 1857. 1856. 1855. 1854. 1853. 1852. 1851.
 1850.]"
111,65.18,-43.83,2480.0,"[-26.28 -26.59 -25.96 -28.32 -27.18 -26.09 -26.67 -26.44 -27.25 -27.16
 -24.31 -24.39 -26.47 -26.92 -27.53 -25.44 -26.29 -26.22 -25.66 -26.43
 -25.74 -26.32 -27.63 -25.71 -25.68 -25.81 -26.37 -27.53 -27.18 -25.65
 -25.53 -23.26 -26.82 -26.93 -26.08 -25.87 -26.12 -26.21 -23.67 -26.94
 -26.64 -25.1  -26.38 -25.97 -27.09 -27.32 -28.57 -25.56 -28.05 -27.17
 -26.67 -25.51 -26.76 -24.82 -25.7  -27.04 -26.03 -25.63 -27.31 -27.31
 -26.13 -26.96 -25.13 -28.   -27.06 -26.51 -26.35 -26.95 -26.55 -26.91
 -26.39 -27.57 -26.14 -27.42 -26.4  -26.38 -22.56 -25.91 -26.73 -27.4
 -26.83 -26.04 -25.26 -26.58 -25.19 -28.14 -27.5  -27.72 -28.12 -26.29
 -25.65 -27.42 -27.04 -27.32 -26.91 -26.42 -28.88 -27.17 -25.92 -25.26
 -25.56 -27.38 -28.53 -27.49 -28.82 -28.54 -27.89 -29.31 -27.95 -27.25
 -26.94 -27.3  -27.61 -26.27 -26.43 -26.46 -26.8  -27.04 -25.05 -26.47
 -26.23]","[1970. 1969. 1968. 1967. 1966. 1965. 1964. 1963. 1962. 1961. 1960. 1959.
 1958. 1957. 1956. 1955. 1954. 1953. 1952. 1951. 1950. 1949. 1948. 1947.
 1946. 1945. 1944. 1943. 1942. 1941. 1940. 1939. 1938. 1937. 1936. 1935.
 1934. 1933. 1932. 1931. 1930. 1929. 1928. 1927. 1926. 1925. 1924. 1923.
 1922. 1921. 1920. 1919. 1918. 1917. 1916. 1915. 1914. 1913. 1912. 1911.
 1910. 1909. 1908. 1907. 1906. 1905. 1904. 1903. 1902. 1901. 1900. 1899.
 1898. 1897. 1896. 1895. 1894. 1893. 1892. 1891. 1890. 1889. 1888. 1887.
 1886. 1885. 1884. 1883. 1882. 1881. 1880. 1879. 1878. 1877. 1876. 1875.
 1874. 1873. 1872. 1871. 1870. 1869. 1868. 1867. 1866. 1865. 1864. 1863.
 1862. 1861. 1860. 1859. 1858. 1857. 1856. 1855. 1854. 1853. 1852. 1851.
 1850.]"
112,65.18,-43.83,2480.0,"[-28.7  -28.38 -29.17 -29.46 -27.17 -28.39 -28.92 -27.45 -29.38 -28.33
 -26.83 -28.5  -28.18 -29.98 -28.54 -28.55 -27.42 -27.1  -29.01 -28.77
 -28.65 -29.08 -27.36 -26.93 -28.17 -29.65 -29.09 -29.29 -28.57 -29.24
 -26.47 -29.23 -28.23 -28.59 -28.78 -28.22 -27.64 -29.18 -27.91 -29.31
 -29.47 -28.33 -28.09 -30.62 -28.63 -30.17 -29.7  -27.99 -28.88 -29.67
 -29.31 -30.74 -29.41 -26.38 -28.42 -29.3  -29.11 -29.6  -28.86 -29.52
 -30.16 -28.81 -29.56 -31.18 -30.   -29.09 -27.89 -30.03 -28.47 -29.94
 -30.29 -28.19 -30.69 -30.13 -29.27 -26.9  -30.54 -28.43 -29.18 -30.32
 -28.74 -27.56 -27.67 -27.32 -29.24 -28.94 -29.33 -29.55 -29.28 -27.26
 -30.16 -28.65 -28.17 -29.12 -27.71 -28.49 -30.06 -29.37 -29.41 -27.78
 -28.54 -29.56 -29.9  -29.54 -30.51 -29.58 -31.56 -31.45 -28.5  -28.78
 -29.13 -29.91 -30.18 -29.57 -27.54 -28.97 -29.14 -28.09 -28.19 -28.34
 -27.67]","[1970. 1969. 1968. 1967. 1966. 1965. 1964. 1963. 1962. 1961. 1960. 1959.
 1958. 1957. 1956. 1955. 1954. 1953. 1952. 1951. 1950. 1949. 1948. 1947.
 1946. 1945. 1944. 1943. 1942. 1941. 1940. 1939. 1938. 1937. 1936. 1935.
 1934. 1933. 1932. 1931. 1930. 1929. 1928. 1927. 1926. 1925. 1924. 1923.
 1922. 1921. 1920. 1919. 1918. 1917. 1916. 1915. 1914. 1913. 1912. 1911.
 1910. 1909. 1908. 1907. 1906. 1905. 1904. 1903. 1902. 1901. 1900. 1899.
 1898. 1897. 1896. 1895. 1894. 1893. 1892. 1891. 1890. 1889. 1888. 1887.
 1886. 1885. 1884. 1883. 1882. 1881. 1880. 1879. 1878. 1877. 1876. 1875.
 1874. 1873. 1872. 1871. 1870. 1869. 1868. 1867. 1866. 1865. 1864. 1863.
 1862. 1861. 1860. 1859. 1858. 1857. 1856. 1855. 1854. 1853. 1852. 1851.
 1850.]"
113,-75.0,0.01,2882.0,"[-43.68122  -42.75252  -45.05705  -47.015217 -45.720837 -41.36889
 -41.101276 -40.83366  -43.489822 -44.540676 -45.41691  -45.324085
 -45.776726 -43.096577 -44.196346 -45.354218 -44.865818 -43.40654
 -40.798172 -47.69065  -46.36438  -44.511833 -42.605087 -43.553326
 -44.388733 -43.832066 -46.208492 -44.443584 -44.29321  -43.471596
 -45.793743 -43.681377 -43.414303 -44.7377   -44.854137 -43.68287
 -44.20668  -44.492523 -46.185    -45.378662 -48.302853 -45.098164
 -45.209152 -47.62236  -47.140564 -45.437126 -45.01992  -45.326595
 -46.74734  -46.075935 -46.942852 -46.34582  -46.523216 -47.81752
 -47.37619  -44.665775 -44.87191  -45.287388 -44.952007 -45.120766
 -41.38285  -44.52062  -43.14099  -44.828728 -45.142017 -45.998295
 -48.04806  -46.92863  -46.529953 -49.68338  -47.80419  -45.26097
 -45.094273 -44.43011  -45.5471   -45.5137   -44.87247  -44.36783
 -44.736298 -45.348015 -45.60707  -43.404266 -45.564865 -46.893353
 -47.458885 -46.631607 -45.66357  -45.178757 -47.52756  -47.455845
 -45.67989  -44.862225 -44.397015 -44.982357 -44.98633  -44.876926
 -47.29165  -46.037556 -45.041016 -43.56587  -45.27848  -45.309254
 -46.506172 -46.189186 -45.23774  -44.3465   -45.155445 -44.239323
 -45.133144 -46.523888 -47.961983 -47.933487 -46.54099  -45.12257
 -47.146095 -47.06245  -46.599915 -45.9423   -46.335575 -45.30171
 -44.095623 -43.847614 -44.787884 -44.91033  -44.365562 -44.4777
 -46.61139  -46.867577 -45.664425 -45.07     -45.079765 -44.509045
 -45.4374   -45.118473 -43.033638 -43.289223 -44.718365 -45.12488
 -46.27573  -47.521366 -48.574135 -48.70414  -47.83064  -46.451878
 -45.933582 -44.2902   -42.20045 ]","[1996. 1995. 1994. 1993. 1992. 1991. 1990. 1989. 1988. 1987. 1986. 1985.
 1984. 1983. 1982. 1981. 1980. 1979. 1978. 1977. 1976. 1975. 1974. 1973.
 1972. 1971. 1970. 1969. 1968. 1967. 1966. 1965. 1964. 1963. 1962. 1961.
 1960. 1959. 1958. 1957. 1956. 1955. 1954. 1953. 1952. 1951. 1950. 1949.
 1948. 1947. 1946. 1945. 1944. 1943. 1942. 1941. 1940. 1939. 1938. 1937.
 1936. 1935. 1934. 1933. 1932. 1931. 1930. 1929. 1928. 1927. 1926. 1925.
 1924. 1923. 1922. 1921. 1920. 1919. 1918. 1917. 1916. 1915. 1914. 1913.
 1912. 1911. 1910. 1909. 1908. 1907. 1906. 1905. 1904. 1903. 1902. 1901.
 1900. 1899. 1898. 1897. 1896. 1895. 1894. 1893. 1892. 1891. 1890. 1889.
 1888. 1887. 1886. 1885. 1884. 1883. 1882. 1881. 1880. 1879. 1878. 1877.
 1876. 1875. 1874. 1873. 1872. 1871. 1870. 1869. 1868. 1867. 1866. 1865.
 1864. 1863. 1862. 1861. 1860. 1859. 1858. 1857. 1856. 1855. 1854. 1853.
 1852. 1851. 1850.]"
114,-18.1,-68.9,6542.0,[-17.06 -17.8 ],[2000. 1900.]
115,71.27,-26.73,2350.0,[-27.14 -26.76 -26.94 -27.86 -27.63 -27.23],[1960. 1940. 1920. 1900. 1880. 1860.]
116,-13.9333,-70.8333,5670.0,"[-18.5905 -16.3244 -16.2324 -17.0112 -18.6648 -15.6844 -17.1188 -18.0914
 -16.6554 -17.0399 -20.2535 -17.8063 -16.5724 -15.0907 -15.4626 -16.0289
 -16.2337 -16.5532 -16.7534 -16.6663 -16.775  -16.4506 -16.8634 -17.4014
 -17.0145 -17.2963 -19.1005 -18.01   -17.2869 -16.9496 -16.9236 -17.3656
 -17.729  -18.0525 -18.2245 -19.1972 -19.6594 -19.0357 -19.0646 -19.0065
 -17.2204 -15.8088 -16.1259 -15.9491 -16.2269 -16.1363 -16.7698 -17.7274
 -18.13   -17.328  -17.9312 -16.7379 -16.0633 -15.8152 -17.7055 -18.4358
 -19.6733 -18.0889 -18.6924 -19.1082 -18.01   -18.2825 -16.797  -18.8997
 -18.6966 -16.4398 -17.658  -15.9261 -15.9257 -13.9509 -16.3169 -16.5066
 -15.79   -15.65   -17.1987 -18.6638 -19.0329 -19.785  -20.2    -17.9585
 -17.647  -17.3575 -17.1729 -16.0544 -16.4067 -16.3851 -17.5278 -18.6563
 -19.9204 -19.7896 -18.1946 -19.0076 -18.4211 -18.2871 -17.2937 -15.7286
 -17.594  -16.3156 -17.8444 -19.6886 -18.6817 -19.3089 -18.63   -15.0717
 -14.818  -16.6117 -17.375  -18.6286 -18.45   -16.765  -16.5981 -18.426
 -19.0743 -17.3357 -16.6363 -18.5518 -20.3771 -19.4337 -18.3362 -18.2529
 -19.0925 -17.2117 -15.9738 -17.654  -19.3143 -18.415  -18.6417 -17.5938
 -17.8483 -16.7557 -18.1871 -19.1433 -15.782  -18.75   -17.9471 -20.5214
 -19.84   -20.528  -19.5333 -19.1133 -18.9612 -17.9833 -20.3038 -19.0489
 -15.24   -17.0709 -21.265  -18.4071 -17.6843 -20.401  -19.5829 -18.7871
 -18.6913 -17.6643 -16.2833 -17.5257 -18.5367 -18.7767 -17.6511 -19.73  ]","[2009. 2008. 2007. 2006. 2005. 2004. 2003. 2002. 2001. 2000. 1999. 1998.
 1997. 1996. 1995. 1994. 1993. 1992. 1991. 1990. 1989. 1988. 1987. 1986.
 1985. 1984. 1983. 1982. 1981. 1980. 1979. 1978. 1977. 1976. 1975. 1974.
 1973. 1972. 1971. 1970. 1969. 1968. 1967. 1966. 1965. 1964. 1963. 1962.
 1961. 1960. 1959. 1958. 1957. 1956. 1955. 1954. 1953. 1952. 1951. 1950.
 1949. 1948. 1947. 1946. 1945. 1944. 1943. 1942. 1941. 1940. 1939. 1938.
 1937. 1936. 1935. 1934. 1933. 1932. 1931. 1930. 1929. 1928. 1927. 1926.
 1925. 1924. 1923. 1922. 1921. 1920. 1919. 1918. 1917. 1916. 1915. 1914.
 1913. 1912. 1911. 1910. 1909. 1908. 1907. 1906. 1905. 1904. 1903. 1902.
 1901. 1900. 1899. 1898. 1897. 1896. 1895. 1894. 1893. 1892. 1891. 1890.
 1889. 1888. 1887. 1886. 1885. 1884. 1883. 1882. 1881. 1880. 1879. 1878.
 1877. 1876. 1875. 1874. 1873. 1872. 1871. 1870. 1869. 1868. 1867. 1866.
 1865. 1864. 1863. 1862. 1861. 1860. 1859. 1858. 1857. 1856. 1855. 1854.
 1853. 1852. 1851. 1850.]"
117,71.27,-26.73,2350.0,"[-29.4  -26.56 -27.75 -28.88 -29.61 -27.24 -29.06 -27.54 -29.   -27.2
 -25.89 -26.85 -30.18 -28.22 -27.88 -27.65 -27.75 -27.34 -30.19 -27.52
 -25.85 -31.16 -25.42 -25.55 -26.1  -27.98 -28.71 -30.01 -26.25 -26.61
 -26.18 -27.24 -29.26 -25.62 -28.51 -27.98 -27.45 -25.94 -29.42 -27.83
 -27.9  -28.59 -27.63 -29.32 -28.02 -28.06 -28.9  -28.49 -28.54 -28.49
 -28.84 -30.4  -28.47 -25.75 -27.76 -29.83 -28.88 -28.34 -28.1  -28.68
 -28.62 -25.77 -29.12 -30.95 -29.28 -28.49 -28.48 -29.17 -27.57 -28.24
 -29.42 -27.8  -29.66 -27.1  -28.05 -28.45 -29.99 -28.15 -27.65 -26.7
 -30.08 -28.72 -31.06 -29.31 -28.83 -27.45 -28.75 -28.77 -30.29 -28.11
 -29.66 -29.49 -30.77 -27.6  -28.16 -28.82 -26.94 -29.12 -27.8  -28.14
 -28.21 -28.69 -28.34 -27.68 -28.5  -27.06 -27.53 -26.27 -27.5  -27.08
 -27.66 -29.05 -28.3  -29.96 -27.53 -28.7  -29.86 -29.64 -28.12 -28.37
 -28.55]","[1970. 1969. 1968. 1967. 1966. 1965. 1964. 1963. 1962. 1961. 1960. 1959.
 1958. 1957. 1956. 1955. 1954. 1953. 1952. 1951. 1950. 1949. 1948. 1947.
 1946. 1945. 1944. 1943. 1942. 1941. 1940. 1939. 1938. 1937. 1936. 1935.
 1934. 1933. 1932. 1931. 1930. 1929. 1928. 1927. 1926. 1925. 1924. 1923.
 1922. 1921. 1920. 1919. 1918. 1917. 1916. 1915. 1914. 1913. 1912. 1911.
 1910. 1909. 1908. 1907. 1906. 1905. 1904. 1903. 1902. 1901. 1900. 1899.
 1898. 1897. 1896. 1895. 1894. 1893. 1892. 1891. 1890. 1889. 1888. 1887.
 1886. 1885. 1884. 1883. 1882. 1881. 1880. 1879. 1878. 1877. 1876. 1875.
 1874. 1873. 1872. 1871. 1870. 1869. 1868. 1867. 1866. 1865. 1864. 1863.
 1862. 1861. 1860. 1859. 1858. 1857. 1856. 1855. 1854. 1853. 1852. 1851.
 1850.]"
118,71.27,-26.73,2350.0,"[-26.93 -24.45 -26.68 -26.57 -29.2  -26.84 -25.01 -27.09 -27.48 -25.8
 -25.59 -25.42 -26.14 -26.33 -27.06 -26.1  -25.79 -24.25 -27.07 -27.54
 -25.18 -27.61 -26.44 -23.7  -24.99 -24.95 -26.35 -28.73 -27.26 -23.76
 -25.04 -25.74 -26.48 -25.92 -26.85 -25.3  -26.68 -24.65 -22.75 -26.42
 -27.47 -24.77 -27.6  -24.9  -27.88 -25.22 -26.63 -26.84 -26.11 -28.07
 -24.28 -27.76 -27.35 -25.42 -26.03 -26.8  -27.03 -27.12 -26.68 -26.24
 -27.88 -25.88 -26.03 -28.9  -27.73 -27.84 -27.58 -28.33 -28.07 -24.6
 -27.84 -26.45 -25.44 -26.22 -27.47 -24.62 -28.01 -26.68 -26.23 -26.63
 -26.68 -26.2  -27.91 -28.67 -27.64 -27.16 -24.55 -27.49 -26.84 -26.82
 -26.53 -26.27 -28.93 -30.02 -26.18 -27.16 -28.45 -26.26 -27.03 -26.12
 -24.71 -28.31 -26.34 -26.77 -27.18 -26.05 -25.78 -26.27 -24.5  -25.27
 -25.85 -27.07 -25.11 -28.95 -26.78 -26.   -28.55 -26.9  -27.43 -27.34
 -27.48]","[1970. 1969. 1968. 1967. 1966. 1965. 1964. 1963. 1962. 1961. 1960. 1959.
 1958. 1957. 1956. 1955. 1954. 1953. 1952. 1951. 1950. 1949. 1948. 1947.
 1946. 1945. 1944. 1943. 1942. 1941. 1940. 1939. 1938. 1937. 1936. 1935.
 1934. 1933. 1932. 1931. 1930. 1929. 1928. 1927. 1926. 1925. 1924. 1923.
 1922. 1921. 1920. 1919. 1918. 1917. 1916. 1915. 1914. 1913. 1912. 1911.
 1910. 1909. 1908. 1907. 1906. 1905. 1904. 1903. 1902. 1901. 1900. 1899.
 1898. 1897. 1896. 1895. 1894. 1893. 1892. 1891. 1890. 1889. 1888. 1887.
 1886. 1885. 1884. 1883. 1882. 1881. 1880. 1879. 1878. 1877. 1876. 1875.
 1874. 1873. 1872. 1871. 1870. 1869. 1868. 1867. 1866. 1865. 1864. 1863.
 1862. 1861. 1860. 1859. 1858. 1857. 1856. 1855. 1854. 1853. 1852. 1851.
 1850.]"
119,80.7,-73.1,1700.0,"[-29.79 -29.1  -28.53 -28.23 -28.49 -29.07 -29.19 -28.95 -27.77 -27.32
 -26.96 -28.64 -28.9  -29.14 -28.83 -28.77 -28.72 -28.46 -28.47 -28.66
 -28.23 -28.18 -28.48 -28.84 -28.91 -28.55 -28.4  -28.28 -28.57 -28.51
 -28.28 -28.1  -28.   -27.85 -27.72 -27.54 -27.33 -27.36 -27.83 -28.38
 -28.9  -28.29 -27.89 -27.   -26.78 -26.71 -27.34 -27.16 -26.96 -27.6
 -27.99 -29.2  -29.13 -29.07 -28.89 -29.22 -30.01 -29.75 -29.63 -28.61
 -28.78 -29.13 -29.34 -29.44 -29.31 -29.28 -29.24 -28.32 -28.06 -27.99
 -27.95 -27.93 -27.35 -27.44 -27.6  -29.69 -30.11 -29.55 -29.55 -28.62
 -28.56 -28.46 -28.38 -28.1  -27.28 -27.28 -27.17 -27.5  -27.86 -27.69
 -26.81 -26.5  -26.78 -27.13 -27.17 -27.62 -28.55 -29.29 -28.54 -28.53
 -29.02 -29.72 -27.85 -27.01 -28.47 -28.68 -26.84 -26.66 -26.21 -26.17
 -26.31 -26.73 -26.24 -26.52 -27.11 -27.94 -28.5  -29.02 -27.73 -27.8
 -28.11 -28.   -27.69]","[1850. 1851. 1852. 1853. 1854. 1855. 1856. 1857. 1858. 1859. 1860. 1861.
 1862. 1863. 1864. 1865. 1866. 1867. 1868. 1869. 1870. 1871. 1872. 1873.
 1874. 1875. 1876. 1877. 1878. 1879. 1880. 1881. 1882. 1883. 1884. 1885.
 1886. 1887. 1888. 1889. 1890. 1891. 1892. 1893. 1894. 1895. 1896. 1897.
 1898. 1899. 1900. 1901. 1902. 1903. 1904. 1905. 1906. 1907. 1908. 1909.
 1910. 1911. 1912. 1913. 1914. 1915. 1916. 1917. 1918. 1919. 1920. 1921.
 1922. 1923. 1924. 1925. 1926. 1927. 1928. 1929. 1930. 1931. 1932. 1933.
 1934. 1935. 1936. 1937. 1938. 1939. 1940. 1941. 1942. 1943. 1944. 1945.
 1946. 1947. 1948. 1949. 1950. 1951. 1952. 1953. 1954. 1955. 1956. 1957.
 1958. 1959. 1960. 1961. 1962. 1963. 1964. 1965. 1966. 1967. 1968. 1969.
 1970. 1971. 1972.]"
